id,product-name,console-name,price-in-pennies,include-string,condition-string,sku,notes,cost-basis-in-pennies,quantity,date-entered,date-purchased,grading-company,grading-cert-id,folder
8532077,Jalen Duren #20,Basketball Cards 2024 Panini Prizm,100,Ungraded,Normal wear,,,0,1,2025-08-30,,,,
9758589,Javonte Williams #29,Football Cards 2024 Panini Contenders,25,Ungraded,Normal wear,,,0,1,2025-10-07,,,,
10266409,Demon Aura Nine Sword Style Asura Blades Drawn Dead Man's Game OP12-037,One Piece Legacy of the Master,300,Ungraded,Normal wear,,,0,1,2026-03-02,,,,
9492220,Drew Brees #35,Football Cards 2024 Topps Signature Class,41,Ungraded,Normal wear,,,0,1,2025-10-07,,,,
8558169,Alexandre Sarr #264,Basketball Cards 2024 Panini Prizm,121,Ungraded,Normal wear,,,0,1,2025-10-02,,,,
9947970,Nikola Topic #242,Basketball Cards 2024 Panini Mosaic,94,Ungraded,Normal wear,,,0,1,2025-10-02,,,,
9759608,Breece Hall #76,Football Cards 2024 Panini Contenders,36,Ungraded,Normal wear,,,0,1,2025-10-07,,,,
1867591,Luis Tiant #167,Baseball Cards 1974 Topps,899000,Ungraded,Normal wear,,,0,10,2025-12-25,,,,
8541413,Nikola Jokic #129,Basketball Cards 2024 Panini Prizm,149,Ungraded,Normal wear,,,0,1,2025-08-31,,,,
9744526,Sanji [Alternate Art] OP11-051,One Piece Fist of Divine Speed,899,Ungraded,Normal wear,,,0,1,2026-01-09,,,,
10266415,Luffy Is the Man Who Will Become the King of Pirates!!! OP12-039,One Piece Legacy of the Master,43,Ungraded,Normal wear,,,0,1,2026-03-02,,,,
9390469,Raul Asencio #186,Soccer Cards 2024 Topps Chrome UEFA,182,Ungraded,Normal wear,,,0,1,2025-10-02,,,,
11012117,Sabo OP13-120,One Piece Carrying on His Will,660,Ungraded,Normal wear,,,0,1,2025-11-22,,,,
8531596,Rui Hachimura #14,Basketball Cards 2024 Panini Prizm,99,Ungraded,Normal wear,,,0,1,2025-08-30,,,,
3134215,Brandon Sutter #638,Hockey Cards 2020 Upper Deck,1,Ungraded,Normal wear,,,0,1,2025-10-08,,,,
10732919,Jaylin Lane #335,Football Cards 2025 Panini Donruss,99,Ungraded,Normal wear,,,0,1,2025-11-21,,,,
9760079,Austin Ekeler #98,Football Cards 2024 Panini Contenders,169,Ungraded,Normal wear,,,0,1,2025-10-07,,,,
3134211,Jay Beagle #634,Hockey Cards 2020 Upper Deck,1,Ungraded,Normal wear,,,0,1,2025-10-08,,,,
8881837,Justin Dowling #542,Hockey Cards 2020 Upper Deck Extended Series,110,Ungraded,Normal wear,,,0,1,2025-10-04,,,,
6578701,Dracule Mihawk ST12-003,One Piece Starter Deck 12,469,Ungraded,Normal wear,,,0,1,2026-03-02,,,,
10732986,Jarquez Hunter #352,Football Cards 2025 Panini Donruss,26,Ungraded,Normal wear,,,0,1,2025-11-21,,,,
8534325,Jordan Hawkins #48,Basketball Cards 2024 Panini Prizm,99,Ungraded,Normal wear,,,0,1,2025-08-31,,,,
1902894,Frank Viola #710,Baseball Cards 1985 Topps,137,Ungraded,Normal wear,,,0,1,2025-11-02,,,,
9262114,Nikola Jokic #76,Basketball Cards 2024 Panini Revolution,153,Ungraded,Normal wear,,,0,1,2025-10-02,,,,
10740194,Omarion Hampton #WHR-OMH,Football Cards 2025 Panini Donruss White Hot Rookies,127,Ungraded,Normal wear,,,0,1,2025-11-22,,,,
8319577,DeWanna Bonner #WNBA7,Basketball Cards 2024 Panini Prizm Monopoly WNBA Insert,89,Ungraded,Normal wear,,,0,1,2025-10-02,,,,
8544476,Reggie Jackson [Red Ice] #162,Basketball Cards 2024 Panini Prizm,199,Ungraded,Normal wear,,,0,1,2025-10-02,,,,
1109433,Jerry Rice #59,Football Cards 1992 Action Packed Rookie Update,149,Ungraded,Normal wear,,,0,1,2026-01-09,,,,
10266396,Kouzuki Hiyori OP12-028,One Piece Legacy of the Master,52,Ungraded,Normal wear,,,0,1,2026-03-02,,,,
1881490,Rollie Fingers #2,Baseball Cards 1981 Donruss,187,Ungraded,Normal wear,,,0,1,2025-10-08,,,,
9263255,Harrison Ingram #103,Basketball Cards 2024 Panini Revolution,135,Ungraded,Normal wear,,,0,1,2025-10-04,,,,
9492032,Jordan Love #17,Football Cards 2024 Topps Signature Class,134,Ungraded,Normal wear,,,0,1,2025-10-07,,,,
3134205,Zach Bogosian #628,Hockey Cards 2020 Upper Deck,100,Ungraded,Normal wear,,,0,1,2025-10-08,,,,
9960248,Ja Morant [Green] #12,Basketball Cards 2024 Panini Mosaic Jam Masters,142,Ungraded,Normal wear,,,0,1,2025-10-03,,,,
8535776,Derrick White #66,Basketball Cards 2024 Panini Prizm,204,Ungraded,Normal wear,,,0,1,2025-10-08,,,,
8561297,Rob Dillingham #8,Basketball Cards 2024 Panini Prizm Instant Impact,138,Ungraded,Normal wear,,,0,1,2025-10-07,,,,
9936485,Keegan Murray #57,Basketball Cards 2024 Panini Mosaic,162,Ungraded,Normal wear,,,0,1,2025-10-02,,,,
9201808,Keon Coleman #111,Football Cards 2024 Topps Resurgence,100,Ungraded,Normal wear,,,0,1,2025-10-02,,,,
9935420,Herbert Jones #40,Basketball Cards 2024 Panini Mosaic,99,Ungraded,Normal wear,,,0,1,2025-10-02,,,,
8319990,Sheryl Swoopes #WNBA21,Basketball Cards 2024 Panini Prizm Monopoly WNBA Insert,121,Ungraded,Normal wear,,,0,1,2025-10-07,,,,
9640289,Justin Edwards #161,Basketball Cards 2024 Topps Chrome,153,Ungraded,Normal wear,,,0,1,2025-10-07,,,,
8319990,Sheryl Swoopes #WNBA21,Basketball Cards 2024 Panini Prizm Monopoly WNBA Insert,363,Ungraded,Normal wear,,,0,3,2025-08-09,,,,
9574249,Ethan Nwaneri #12,Soccer Cards 2024 Panini Select FIFA,131,Ungraded,Normal wear,,,0,1,2025-08-07,,,,
3134212,Braden Holtby #635,Hockey Cards 2020 Upper Deck,114,Ungraded,Normal wear,,,0,1,2025-10-08,,,,
9636456,Bam Adebayo #33,Basketball Cards 2024 Topps Chrome,203,Ungraded,Normal wear,,,0,1,2025-10-07,,,,
1103588,Bo Jackson #10,Football Cards 1990 Panini Score,127,Ungraded,Normal wear,,,0,1,2026-01-08,,,,ACoolAUCTION - $7 Lot of Football
9759048,George Karlaftis #51,Football Cards 2024 Panini Contenders,169,Ungraded,Normal wear,,,0,1,2025-10-07,,,,
2322811,Len Dykstra #740,Baseball Cards 1993 Topps,160,Ungraded,Normal wear,,,0,1,2026-03-07,,,,
9960236,Bub Carrington #7,Basketball Cards 2024 Panini Mosaic Jam Masters,132,Ungraded,Normal wear,,,0,1,2025-10-03,,,,
8532077,Jalen Duren #20,Basketball Cards 2024 Panini Prizm,100,Ungraded,Normal wear,,,0,1,2025-08-30,,,,
9933118,Marcus Smart #5,Basketball Cards 2024 Panini Mosaic,125,Ungraded,Normal wear,,,0,1,2025-10-02,,,,
9260777,Klay Thompson #37,Basketball Cards 2024 Panini Revolution,99,Ungraded,Normal wear,,,0,1,2025-10-02,,,,
8530949,Andrew Nembhard #6,Basketball Cards 2024 Panini Prizm,125,Ungraded,Normal wear,,,0,1,2025-08-30,,,,
10733165,Quinn Ewers #342,Football Cards 2025 Panini Donruss,100,Ungraded,Normal wear,,,0,1,2025-11-21,,,,
3134241,Tyler Seguin #664,Hockey Cards 2020 Upper Deck,149,Ungraded,Normal wear,,,0,1,2025-10-08,,,,
3134215,Brandon Sutter #638,Hockey Cards 2020 Upper Deck,1,Ungraded,Normal wear,,,0,1,2025-10-08,,,,
9759439,Rhamondre Stevenson #68,Football Cards 2024 Panini Contenders,63,Ungraded,Normal wear,,,0,1,2025-10-07,,,,
9386881,Joao Palhinha #98,Soccer Cards 2024 Topps Chrome UEFA,200,Ungraded,Normal wear,,,0,1,2025-10-02,,,,
8531110,Devin Booker #8,Basketball Cards 2024 Panini Prizm,162,Ungraded,Normal wear,,,0,1,2025-08-30,,,,
8551602,Larry Bird #299,Basketball Cards 2024 Panini Prizm,149,Ungraded,Normal wear,,,0,1,2025-10-02,,,,
9851053,Alexa Grasso #14,Ufc Cards 2025 Topps Chrome UFC,144,Ungraded,Normal wear,,,0,1,2025-10-07,,,,
9576167,Rodrigo de Paul #61,Soccer Cards 2024 Panini Select FIFA,4,Ungraded,Normal wear,,,0,1,2025-08-07,,,,
8319664,Alyssa Thomas #WNBA10,Basketball Cards 2024 Panini Prizm Monopoly WNBA Insert,186,Ungraded,Normal wear,,,0,1,2025-10-02,,,,
9576167,Rodrigo de Paul #61,Soccer Cards 2024 Panini Select FIFA,4,Ungraded,Normal wear,,,0,1,2025-08-07,,,,
9932969,Coby White #3,Basketball Cards 2024 Panini Mosaic,199,Ungraded,Normal wear,,,0,1,2025-10-02,,,,
3134250,Chris Kreider #673,Hockey Cards 2020 Upper Deck,106,Ungraded,Normal wear,,,0,1,2025-10-08,,,,
8543064,Shaedon Sharpe #144,Basketball Cards 2024 Panini Prizm,113,Ungraded,Normal wear,,,0,1,2025-10-08,,,,
1963529,Sandy Alomar #85,Baseball Cards 1993 Topps Gold,150,Ungraded,Normal wear,,,0,1,2026-03-05,,,,
1879087,Willie McCovey #215,Baseball Cards 1979 Topps,2750,Ungraded,Normal wear,,,0,10,2025-12-17,,,,ACoolROCK
11012109,Monkey.D.Luffy OP13-118,One Piece Carrying on His Will,2501,Ungraded,Normal wear,,,0,1,2026-01-09,,,,
1897581,Pete Rose #300,Baseball Cards 1984 Topps,163,Ungraded,Normal wear,,,0,1,2025-12-17,,,,
10266396,Kouzuki Hiyori OP12-028,One Piece Legacy of the Master,52,Ungraded,Normal wear,,,0,1,2026-03-02,,,,
9934820,Jaylen Brown #33,Basketball Cards 2024 Panini Mosaic,149,Ungraded,Normal wear,,,0,1,2025-10-02,,,,
9759905,Tyler Lockett #90,Football Cards 2024 Panini Contenders,27,Ungraded,Normal wear,,,0,1,2025-10-07,,,,
9260293,Draymond Green #23,Basketball Cards 2024 Panini Revolution,6,Ungraded,Normal wear,,,0,1,2025-10-04,,,,
9758156,Derrick Henry #9,Football Cards 2024 Panini Contenders,25,Ungraded,Normal wear,,,104,1,2025-10-07,,,,
9260293,Draymond Green #23,Basketball Cards 2024 Panini Revolution,6,Ungraded,Normal wear,,,0,1,2025-10-04,,,,
627707,Mike Taliaferro #259,Football Cards 1971 Topps,171,Ungraded,Normal wear,,,0,1,2025-12-25,,,,
8537722,Damian Lillard #90,Basketball Cards 2024 Panini Prizm,149,Ungraded,Normal wear,,,0,1,2025-10-08,,,,
9951347,Nikola Jokic #275,Basketball Cards 2024 Panini Mosaic,233,Ungraded,Normal wear,,,0,1,2025-10-03,,,,
9386970,Karim Adeyemi #105,Soccer Cards 2024 Topps Chrome UEFA,1,Ungraded,Normal wear,,,0,1,2025-10-02,,,,
11012005,Trafalgar Law OP13-031,One Piece Carrying on His Will,83,Ungraded,Normal wear,,,0,1,2026-03-02,,,,
8549298,Adem Bona #267,Basketball Cards 2024 Panini Prizm,113,Ungraded,Normal wear,,,0,1,2025-10-08,,,,
10266405,Perona OP12-034,One Piece Legacy of the Master,622,Ungraded,Normal wear,,,0,1,2026-03-02,,,,
9492340,Joe Greene #50,Football Cards 2024 Topps Signature Class,77,Ungraded,Normal wear,,,0,1,2025-10-07,,,,
9758699,Aidan Hutchinson #34,Football Cards 2024 Panini Contenders,47,Ungraded,Normal wear,,,0,1,2025-10-07,,,,
9383399,Pau Victor #16,Soccer Cards 2024 Topps Chrome UEFA,50,Ungraded,Normal wear,,,0,1,2025-10-02,,,,
9639828,Johnny Furphy #139,Basketball Cards 2024 Topps Chrome,100,Ungraded,Normal wear,,,0,1,2025-10-07,,,,
10266394,Kuina OP12-026,One Piece Legacy of the Master,638,Ungraded,Normal wear,,,0,1,2026-03-02,,,,
7608141,Seth Lundy #206,Basketball Cards 2023 Panini Hoops Premium Stock,200,Ungraded,Normal wear,,,0,1,2025-10-08,,,,
9759564,Brian Burns #74,Football Cards 2024 Panini Contenders,150,Ungraded,Normal wear,,,0,1,2025-10-07,,,,
8540188,Amen Thompson #118,Basketball Cards 2024 Panini Prizm,135,Ungraded,Normal wear,,,0,1,2025-10-08,,,,
3134242,Eric Staal #665,Hockey Cards 2020 Upper Deck,112,Ungraded,Normal wear,,,0,1,2025-10-08,,,,
9262695,Jonas Valanciunas #99,Basketball Cards 2024 Panini Revolution,99,Ungraded,Normal wear,,,0,1,2025-10-02,,,,
1925289,Doug Drabek #283,Baseball Cards 1987 Topps,155,Ungraded,Normal wear,,,0,1,2026-03-07,,,,
9758589,Javonte Williams #29,Football Cards 2024 Panini Contenders,25,Ungraded,Normal wear,,,0,1,2025-10-07,,,,
9638404,Larry Johnson #98,Basketball Cards 2024 Topps Chrome,62,Ungraded,Normal wear,,,0,1,2025-10-07,,,,
8317383,Ariel Atkins #5,Basketball Cards 2024 Panini Prizm Monopoly WNBA,176,Ungraded,Normal wear,,,0,1,2025-10-02,,,,
8319277,Zia Cooke #69,Basketball Cards 2024 Panini Prizm Monopoly WNBA,3,Ungraded,Normal wear,,,0,1,2025-10-02,,,,
8320021,Brittney Griner #WNBA22,Basketball Cards 2024 Panini Prizm Monopoly WNBA Insert,166,Ungraded,Normal wear,,,0,1,2025-10-07,,,,
8530792,Jalen Suggs #4,Basketball Cards 2024 Panini Prizm,44,Ungraded,Normal wear,,,0,1,2025-08-30,,,,
3134205,Zach Bogosian #628,Hockey Cards 2020 Upper Deck,100,Ungraded,Normal wear,,,0,1,2025-10-08,,,,
9573927,Endrick #2,Soccer Cards 2024 Panini Select FIFA,102,Ungraded,Normal wear,,,0,1,2025-08-07,,,,
8552002,Reed Sheppard #268,Basketball Cards 2024 Panini Prizm,134,Ungraded,Normal wear,,,0,1,2025-10-02,,,,
9262598,Jarrett Allen #94,Basketball Cards 2024 Panini Revolution,119,Ungraded,Normal wear,,,0,1,2025-10-04,,,,
9944024,Kyrie Irving #184,Basketball Cards 2024 Panini Mosaic,177,Ungraded,Normal wear,,,0,1,2025-10-02,,,,
8319010,Diamond DeShields #60,Basketball Cards 2024 Panini Prizm Monopoly WNBA,129,Ungraded,Normal wear,,,0,1,2025-10-02,,,,
9491998,Brett Favre #16,Football Cards 2024 Topps Signature Class,89,Ungraded,Normal wear,,,0,1,2025-10-07,,,,
8530792,Jalen Suggs #4,Basketball Cards 2024 Panini Prizm,44,Ungraded,Normal wear,,,0,1,2025-08-30,,,,
9491811,Kurt Warner #1,Football Cards 2024 Topps Signature Class,17,Ungraded,Normal wear,,,0,1,2025-10-07,,,,
9758884,Nico Collins #41,Football Cards 2024 Panini Contenders,20,Ungraded,Normal wear,,,0,1,2025-10-07,,,,
10733165,Quinn Ewers #342,Football Cards 2025 Panini Donruss,100,Ungraded,Normal wear,,,0,1,2025-11-21,,,,
9261622,Alperen Sengun #65,Basketball Cards 2024 Panini Revolution,100,Ungraded,Normal wear,,,0,1,2025-10-02,,,,
5872066,Natasha Howard #8,Basketball Cards 2023 Panini Prizm WNBA Get Hyped,198,Ungraded,Normal wear,,,0,1,2025-10-04,,,,
8319901,Sabrina Ionescu #WNBA18,Basketball Cards 2024 Panini Prizm Monopoly WNBA Insert,110,Ungraded,Normal wear,,,0,1,2025-10-07,,,,
10732743,Cam Ward #350,Football Cards 2025 Panini Donruss,137,Ungraded,Normal wear,,,0,1,2025-11-21,,,,
9147119,Kiefer Sherwood #533,Hockey Cards 2020 Upper Deck Extended Series,210,Ungraded,Normal wear,,,0,1,2025-10-04,,,,
1104798,"Joe Montana [Kelly 3,521 Yds.] #2",Football Cards 1990 Pro Set,169,Ungraded,Normal wear,,,0,1,2026-01-06,,,,ACoolAUCTION - $7 Lot of Football
1103910,Bo Jackson #330,Football Cards 1990 Panini Score,190,Ungraded,Normal wear,,,0,1,2026-01-08,,,,ACoolAUCTION - $7 Lot of Football
9262122,Chet Holmgren #86,Basketball Cards 2024 Panini Revolution,197,Ungraded,Normal wear,,,0,1,2025-10-02,,,,
1965309,Anthony Young #734,Baseball Cards 1993 Topps,127,Ungraded,Normal wear,,,0,1,2025-11-12,,,,
1103910,Bo Jackson #330,Football Cards 1990 Panini Score,190,Ungraded,Normal wear,,,0,1,2026-01-08,,,,ACoolAUCTION - $7 Lot of Football
9759048,George Karlaftis #51,Football Cards 2024 Panini Contenders,169,Ungraded,Normal wear,,,0,1,2025-10-07,,,,
1931071,Tino Martinez #66T,Baseball Cards 1988 Topps Traded Tiffany,700,Ungraded,Normal wear,,,0,1,2025-12-25,,,,
10732742,Tyleik Williams #360,Football Cards 2025 Panini Donruss,90,Ungraded,Normal wear,,,0,1,2025-11-21,,,,
633176,Joe Montana #381,Football Cards 1989 Pro Set,194,Ungraded,Normal wear,,,0,1,2026-03-08,,,,
2920102,Jim Abbott #1,Baseball Cards 1990 Topps Glossy Rookies,99,Ungraded,Normal wear,,,0,1,2025-10-08,,,,
9759779,Pat Freiermuth #84,Football Cards 2024 Panini Contenders,209,Ungraded,Normal wear,,,104,1,2025-10-07,,,,
9549388,Jason Zucker #510,Hockey Cards 2024 Upper Deck,99,Ungraded,Normal wear,,,0,1,2025-10-04,,,,
1877323,Graig Nettles #250,Baseball Cards 1978 Topps,171,Ungraded,Normal wear,,,0,1,2025-12-25,,,,
9198862,Michael Vick #3,Football Cards 2024 Topps Resurgence,108,Ungraded,Normal wear,,,0,1,2025-10-02,,,,
9387684,Deniz Gul #117,Soccer Cards 2024 Topps Chrome UEFA,99,Ungraded,Normal wear,,,0,1,2025-10-02,,,,
10050104,Tony Tony Chopper #1946,Funko POP Animation,1999,Ungraded,Normal wear,,,0,1,2025-11-22,,,,
8024971,Heung-min Son #68,Soccer Cards 2024 Topps UEFA,126,Ungraded,Normal wear,,,0,1,2025-10-07,,,,
8024971,Heung-min Son #68,Soccer Cards 2024 Topps UEFA,126,Ungraded,Normal wear,,,0,1,2026-01-16,,,,2024-25 Topps Chrome UEFA Club Competitions 
9960236,Bub Carrington #7,Basketball Cards 2024 Panini Mosaic Jam Masters,132,Ungraded,Normal wear,,,0,1,2025-10-03,,,,
3134211,Jay Beagle #634,Hockey Cards 2020 Upper Deck,1,Ungraded,Normal wear,,,0,1,2025-10-08,,,,
6578701,Dracule Mihawk ST12-003,One Piece Starter Deck 12,469,Ungraded,Normal wear,,,0,1,2026-03-02,,,,
9261896,Naz Reid #72,Basketball Cards 2024 Panini Revolution,147,Ungraded,Normal wear,,,0,1,2025-10-02,,,,
8318712,Cynthia Cooper-Dyke #50,Basketball Cards 2024 Panini Prizm Monopoly WNBA,180,Ungraded,Normal wear,,,0,1,2025-10-02,,,,
1925405,George Brett #400,Baseball Cards 1987 Topps,140,Ungraded,Normal wear,,,0,1,2026-03-07,,,,
9760123,Bobby Wagner #100,Football Cards 2024 Panini Contenders,85,Ungraded,Normal wear,,,0,1,2025-10-07,,,,
8319577,DeWanna Bonner #WNBA7,Basketball Cards 2024 Panini Prizm Monopoly WNBA Insert,89,Ungraded,Normal wear,,,0,1,2025-10-07,,,,
9758306,D'Andre Swift #16,Football Cards 2024 Panini Contenders,135,Ungraded,Normal wear,,,0,1,2025-10-07,,,,
5556828,Pedro Martinez #85,Baseball Cards 2002 Topps Opening Day,155,Ungraded,Normal wear,,,0,1,2025-12-06,,,,
9259627,CJ McCollum #2,Basketball Cards 2024 Panini Revolution,99,Ungraded,Normal wear,,,0,1,2025-10-04,,,,
8879999,Cedric Paquette #523,Hockey Cards 2020 Upper Deck Extended Series,25,Ungraded,Normal wear,,,0,1,2025-10-04,,,,
10266396,Kouzuki Hiyori OP12-028,One Piece Legacy of the Master,52,Ungraded,Normal wear,,,0,1,2026-03-02,,,,
9947028,Matas Buzelis #223,Basketball Cards 2024 Panini Mosaic,154,Ungraded,Normal wear,,,33,1,2026-01-16,,,,
8320021,Brittney Griner #WNBA22,Basketball Cards 2024 Panini Prizm Monopoly WNBA Insert,166,Ungraded,Normal wear,,,0,1,2025-10-07,,,,
9575257,Alex Jimenez #43,Soccer Cards 2024 Panini Select FIFA,226,Ungraded,Normal wear,,,0,1,2025-08-07,,,,
6578701,Dracule Mihawk ST12-003,One Piece Starter Deck 12,469,Ungraded,Normal wear,,,0,1,2026-03-02,,,,
9044511,Ivica Zubac [Millionaire Club] #21,Basketball Cards 2024 Panini Prizm Monopoly,99,Ungraded,Normal wear,,,0,1,2025-11-27,,,,
11012109,Monkey.D.Luffy OP13-118,One Piece Carrying on His Will,2501,Ungraded,Normal wear,,,0,1,2025-11-22,,,,
11012005,Trafalgar Law OP13-031,One Piece Carrying on His Will,83,Ungraded,Normal wear,,,0,1,2026-03-02,,,,
6736535,Cavendish EB01-012,One Piece Extra Booster Memorial Collection,179,Ungraded,Normal wear,,,0,1,2026-02-14,,,,
3134244,John Carlson #667,Hockey Cards 2020 Upper Deck,184,Ungraded,Normal wear,,,0,1,2025-10-08,,,,
5868805,Crystal Dangerfield #29,Basketball Cards 2023 Panini Prizm WNBA,10,Ungraded,Normal wear,,,0,1,2025-10-04,,,,
1879574,Reggie Jackson #700,Baseball Cards 1979 Topps,1497500,Ungraded,Normal wear,,,0,10,2025-12-17,,,,
9044511,Ivica Zubac [Millionaire Club] #21,Basketball Cards 2024 Panini Prizm Monopoly,99,Ungraded,Normal wear,,,0,1,2025-10-04,,,,
10733429,Josaiah Stewart #376,Football Cards 2025 Panini Donruss,15,Ungraded,Normal wear,,,0,1,2025-11-21,,,,
640933,Joe Montana #251,Football Cards 1991 Ultra,153,Ungraded,Normal wear,,,0,1,2026-01-06,,,,ACoolAUCTION - $7 Lot of Football
8540967,Desmond Bane #125,Basketball Cards 2024 Panini Prizm,99,Ungraded,Normal wear,,,0,1,2025-10-08,,,,
1937376,Joe Carter #420,Baseball Cards 1989 Topps,49,Ungraded,Normal wear,,,0,1,2026-03-07,,,,
8561384,Kyshawn George #19,Basketball Cards 2024 Panini Prizm Instant Impact,99,Ungraded,Normal wear,,,0,1,2025-10-07,,,,
5868787,Elena Delle Donne #11,Basketball Cards 2023 Panini Prizm WNBA,23,Ungraded,Normal wear,,,0,1,2025-10-04,,,,
10008484,Chris Bassitt [Sepia] #184,Baseball Cards 2025 Topps Chrome,150,Ungraded,Normal wear,,,0,1,2025-08-09,,,,
8559968,Shai Gilgeous-Alexander [Red Ice] #113,Basketball Cards 2024 Panini Prizm,301,Ungraded,Normal wear,,,0,1,2025-10-02,,,,
8319664,Alyssa Thomas #WNBA10,Basketball Cards 2024 Panini Prizm Monopoly WNBA Insert,186,Ungraded,Normal wear,,,0,1,2025-10-02,,,,
9259627,CJ McCollum #2,Basketball Cards 2024 Panini Revolution,99,Ungraded,Normal wear,,,0,1,2025-10-02,,,,
3134265,Frederik Andersen #688,Hockey Cards 2020 Upper Deck,6,Ungraded,Normal wear,,,0,1,2025-10-08,,,,
8534807,Bradley Beal #54,Basketball Cards 2024 Panini Prizm,100,Ungraded,Normal wear,,,0,1,2025-08-31,,,,
9759779,Pat Freiermuth #84,Football Cards 2024 Panini Contenders,209,Ungraded,Normal wear,,,104,1,2025-10-07,,,,
8318566,Jonquel Jones #45,Basketball Cards 2024 Panini Prizm Monopoly WNBA,189,Ungraded,Normal wear,,,0,1,2025-10-02,,,,
8558169,Alexandre Sarr #264,Basketball Cards 2024 Panini Prizm,121,Ungraded,Normal wear,,,0,1,2025-10-08,,,,
9759202,Khalil Mack #57,Football Cards 2024 Panini Contenders,146,Ungraded,Normal wear,,,0,1,2025-10-07,,,,
1925405,George Brett #400,Baseball Cards 1987 Topps,140,Ungraded,Normal wear,,,0,1,2025-10-08,,,,
10732986,Jarquez Hunter #352,Football Cards 2025 Panini Donruss,26,Ungraded,Normal wear,,,0,1,2025-11-21,,,,
1902894,Frank Viola #710,Baseball Cards 1985 Topps,137,Ungraded,Normal wear,,,0,1,2025-10-08,,,,
5872066,Natasha Howard #8,Basketball Cards 2023 Panini Prizm WNBA Get Hyped,198,Ungraded,Normal wear,,,0,1,2025-12-01,,,,
9758699,Aidan Hutchinson #34,Football Cards 2024 Panini Contenders,47,Ungraded,Normal wear,,,0,1,2025-10-07,,,,
9636640,Dominique Wilkins #39,Basketball Cards 2024 Topps Chrome,150,Ungraded,Normal wear,,,0,1,2025-10-07,,,,
9937472,Josh Giddey #71,Basketball Cards 2024 Panini Mosaic,179,Ungraded,Normal wear,,,0,1,2025-10-02,,,,
9758178,James Cook #10,Football Cards 2024 Panini Contenders,120,Ungraded,Normal wear,,,0,1,2025-10-07,,,,
10740194,Omarion Hampton #WHR-OMH,Football Cards 2025 Panini Donruss White Hot Rookies,127,Ungraded,Normal wear,,,0,1,2025-11-22,,,,
8531596,Rui Hachimura #14,Basketball Cards 2024 Panini Prizm,99,Ungraded,Normal wear,,,0,1,2025-08-30,,,,
10266405,Perona OP12-034,One Piece Legacy of the Master,622,Ungraded,Normal wear,,,0,1,2026-03-02,,,,
1881490,Rollie Fingers #2,Baseball Cards 1981 Donruss,187,Ungraded,Normal wear,,,0,1,2025-11-02,,,,
9759417,Jacoby Brissett #67,Football Cards 2024 Panini Contenders,108,Ungraded,Normal wear,,,0,1,2025-10-07,,,,
9638774,Payton Pritchard #110,Basketball Cards 2024 Topps Chrome,129,Ungraded,Normal wear,,,0,1,2025-10-07,,,,
1937376,Joe Carter #420,Baseball Cards 1989 Topps,49,Ungraded,Normal wear,,,3,1,2026-01-16,2026-01-16,,,
9387331,Noni Madueke #113,Soccer Cards 2024 Topps Chrome UEFA,1,Ungraded,Normal wear,,,0,1,2025-10-02,,,,
9262598,Jarrett Allen #94,Basketball Cards 2024 Panini Revolution,119,Ungraded,Normal wear,,,0,1,2025-10-02,,,,
8543064,Shaedon Sharpe #144,Basketball Cards 2024 Panini Prizm,113,Ungraded,Normal wear,,,0,1,2025-10-02,,,,
9936836,Chet Holmgren #63,Basketball Cards 2024 Panini Mosaic,50,Ungraded,Normal wear,,,0,1,2025-10-02,,,,
8560279,Jayson Tatum #7,Basketball Cards 2024 Panini Prizm Deep Space,125,Ungraded,Normal wear,,,0,1,2025-10-08,,,,
4647685,1996,Coins American Silver Eagle,30200,Ungraded,No blemishes,,,6800,1,2026-01-10,2025-12-26,,,ACoolCOIN - American Silver Eagle
9386859,Tosin Adarabioyo #102,Soccer Cards 2024 Topps Chrome UEFA,195,Ungraded,Normal wear,,,0,1,2025-10-02,,,,
1885793,Graig Nettles #46,Baseball Cards 1982 Fleer,153,Ungraded,Normal wear,,,0,1,2025-12-25,,,,
9491920,Emmitt Smith #11,Football Cards 2024 Topps Signature Class,88,Ungraded,Normal wear,,,0,1,2025-10-07,,,,
9383606,Folarin Balogun #21,Soccer Cards 2024 Topps Chrome UEFA,25,Ungraded,Normal wear,,,0,1,2025-10-02,,,,
9932969,Coby White #3,Basketball Cards 2024 Panini Mosaic,199,Ungraded,Normal wear,,,0,1,2025-10-02,,,,
8318151,Betnijah Laney-Hamilton #31,Basketball Cards 2024 Panini Prizm Monopoly WNBA,163,Ungraded,Normal wear,,,0,1,2025-10-02,,,,
6908764,Chase Briscoe #19,Racing Cards 2024 Donruss NASCAR,99,Ungraded,Normal wear,,,0,1,2026-03-07,,,,
2920102,Jim Abbott #1,Baseball Cards 1990 Topps Glossy Rookies,99,Ungraded,Normal wear,,,0,1,2025-10-08,,,,
9639586,Fred VanVleet #137,Basketball Cards 2024 Topps Chrome,25,Ungraded,Normal wear,,,0,1,2025-10-07,,,,
9259786,Keldon Johnson #7,Basketball Cards 2024 Panini Revolution,99,Ungraded,Normal wear,,,0,1,2025-10-02,,,,
9959521,Giannis Antetokounmpo #9,Basketball Cards 2024 Panini Mosaic Thunder Road,181,Ungraded,Normal wear,,,0,1,2025-10-03,,,,
11012011,Roronoa Zoro OP13-037,One Piece Carrying on His Will,103,Ungraded,Normal wear,,,0,1,2026-03-02,,,,
9759417,Jacoby Brissett #67,Football Cards 2024 Panini Contenders,108,Ungraded,Normal wear,,,0,1,2025-10-07,,,,
8317355,Nika Muhl #4,Basketball Cards 2024 Panini Prizm Monopoly WNBA,166,Ungraded,Normal wear,,,0,1,2025-10-02,,,,
5868787,Elena Delle Donne #11,Basketball Cards 2023 Panini Prizm WNBA,23,Ungraded,Normal wear,,,0,1,2025-12-01,,,,
8318712,Cynthia Cooper-Dyke #50,Basketball Cards 2024 Panini Prizm Monopoly WNBA,180,Ungraded,Normal wear,,,0,1,2025-10-02,,,,
10266403,Tashigi OP12-031,One Piece Legacy of the Master,157,Ungraded,Normal wear,,,0,1,2026-03-02,,,,
9637799,Khris Middleton #75,Basketball Cards 2024 Topps Chrome,25,Ungraded,Normal wear,,,0,1,2025-10-07,,,,
11012011,Roronoa Zoro OP13-037,One Piece Carrying on His Will,103,Ungraded,Normal wear,,,0,1,2026-03-02,,,,
8319811,Jackie Young #WNBA15,Basketball Cards 2024 Panini Prizm Monopoly WNBA Insert,198,Ungraded,Normal wear,,,0,1,2025-10-07,,,,
9635715,Alonzo Mourning #9,Basketball Cards 2024 Topps Chrome,124,Ungraded,Normal wear,,,0,1,2025-10-07,,,,
9389385,Maximilian Beier #159,Soccer Cards 2024 Topps Chrome UEFA,399,Ungraded,Normal wear,,,0,1,2025-10-02,,,,
634893,Joe Montana #479,Football Cards 1991 Bowman,175,Ungraded,Normal wear,,,0,1,2026-01-06,,,,ACoolAUCTION - $7 Lot of Football
8533759,Cade Cunningham #41,Basketball Cards 2024 Panini Prizm,149,Ungraded,Normal wear,,,0,1,2025-08-30,,,,
9147249,Michael Del Zotto #535,Hockey Cards 2020 Upper Deck Extended Series,25,Ungraded,Normal wear,,,0,1,2025-10-04,,,,
10733156,Oluwafemi Oladejo #384,Football Cards 2025 Panini Donruss,100,Ungraded,Normal wear,,,0,1,2025-11-21,,,,
3134218,Alex Pietrangelo #641,Hockey Cards 2020 Upper Deck,1,Ungraded,Normal wear,,,0,1,2025-10-08,,,,
3134235,Patrick Kane #658,Hockey Cards 2020 Upper Deck,124,Ungraded,Normal wear,,,0,1,2025-10-08,,,,
1885793,Graig Nettles #46,Baseball Cards 1982 Fleer,153,Ungraded,Normal wear,,,0,1,2025-12-25,,,,
9262016,Nikola Vucevic #80,Basketball Cards 2024 Panini Revolution,25,Ungraded,Normal wear,,,0,1,2025-10-04,,,,
9260943,Myles Turner #44,Basketball Cards 2024 Panini Revolution,99,Ungraded,Normal wear,,,0,1,2025-10-02,,,,
8881841,Thomas Greiss #544,Hockey Cards 2020 Upper Deck Extended Series,149,Ungraded,Normal wear,,,0,1,2025-10-04,,,,
10266394,Kuina OP12-026,One Piece Legacy of the Master,638,Ungraded,Normal wear,,,0,1,2026-03-02,,,,
8317708,Kia Nurse #16,Basketball Cards 2024 Panini Prizm Monopoly WNBA,150,Ungraded,Normal wear,,,0,1,2025-10-02,,,,
9947028,Matas Buzelis #223,Basketball Cards 2024 Panini Mosaic,154,Ungraded,Normal wear,,,0,1,2026-01-16,,,,
10732919,Jaylin Lane #335,Football Cards 2025 Panini Donruss,99,Ungraded,Normal wear,,,0,1,2025-11-21,,,,
9851053,Alexa Grasso #14,Ufc Cards 2025 Topps Chrome UFC,144,Ungraded,Normal wear,,,0,1,2025-10-07,,,,
1920351,Dennis Eckersley #538,Baseball Cards 1986 Topps,150,Ungraded,Normal wear,,,0,1,2026-03-05,,,,
1925405,George Brett #400,Baseball Cards 1987 Topps,140,Ungraded,Normal wear,,,0,1,2026-03-07,,,,
10266394,Kuina OP12-026,One Piece Legacy of the Master,638,Ungraded,Normal wear,,,0,1,2026-03-02,,,,
9937314,Desmond Bane #72,Basketball Cards 2024 Panini Mosaic,129,Ungraded,Normal wear,,,0,1,2025-10-02,,,,
3134235,Patrick Kane #658,Hockey Cards 2020 Upper Deck,124,Ungraded,Normal wear,,,0,1,2025-10-08,,,,
10266393,Koushirou OP12-027,One Piece Legacy of the Master,20,Ungraded,Normal wear,,,0,1,2026-03-02,,,,
640933,Joe Montana #251,Football Cards 1991 Ultra,153,Ungraded,Normal wear,,,0,1,2026-01-06,,,,ACoolAUCTION - $7 Lot of Football
11012041,Gol.D.Roger [Alternate Art] OP13-064,One Piece Carrying on His Will,12928,Ungraded,Normal wear,,,0,1,2026-01-09,,,,
1929068,Dwight Gooden #350,Baseball Cards 1988 Score,149,Ungraded,Normal wear,,,0,1,2025-11-02,,,,
9759293,Puka Nacua #59,Football Cards 2024 Panini Contenders,109,Ungraded,Normal wear,,,0,1,2025-10-07,,,,
1104131,Lawrence Taylor #552,Football Cards 1990 Panini Score,156,Ungraded,Normal wear,,,0,1,2026-01-09,,,,ACoolAUCTION - $7 Lot of Football
9492340,Joe Greene #50,Football Cards 2024 Topps Signature Class,77,Ungraded,Normal wear,,,0,1,2025-10-07,,,,
8561297,Rob Dillingham #8,Basketball Cards 2024 Panini Prizm Instant Impact,138,Ungraded,Normal wear,,,0,1,2025-10-07,,,,
1879087,Willie McCovey #215,Baseball Cards 1979 Topps,275,Ungraded,Normal wear,,,0,1,2025-12-17,,,,
8537722,Damian Lillard #90,Basketball Cards 2024 Panini Prizm,149,Ungraded,Normal wear,,,0,1,2025-08-31,,,,
10733419,Carson Schwesinger #392,Football Cards 2025 Panini Donruss,149,Ungraded,Normal wear,,,0,1,2025-11-21,,,,
9384400,Viggo Gebel #40,Soccer Cards 2024 Topps Chrome UEFA,300,Ungraded,Normal wear,,,0,1,2025-10-02,,,,
8560543,Ron Holland II #4,Basketball Cards 2024 Panini Prizm Emergent,110,Ungraded,Normal wear,,,0,1,2025-10-08,,,,
8318329,Sophie Cunningham #37,Basketball Cards 2024 Panini Prizm Monopoly WNBA,263,Ungraded,Normal wear,,,0,1,2025-10-02,,,,
8320021,Brittney Griner #WNBA22,Basketball Cards 2024 Panini Prizm Monopoly WNBA Insert,166,Ungraded,Normal wear,,,0,1,2025-08-09,,,,
9262114,Nikola Jokic #76,Basketball Cards 2024 Panini Revolution,153,Ungraded,Normal wear,,,0,1,2025-10-04,,,,
8555577,Hakeem Olajuwon #296,Basketball Cards 2024 Panini Prizm,106,Ungraded,Normal wear,,,0,1,2025-10-02,,,,
9262695,Jonas Valanciunas #99,Basketball Cards 2024 Panini Revolution,99,Ungraded,Normal wear,,,0,1,2025-10-04,,,,
9638774,Payton Pritchard #110,Basketball Cards 2024 Topps Chrome,129,Ungraded,Normal wear,,,0,1,2025-10-07,,,,
9259627,CJ McCollum #2,Basketball Cards 2024 Panini Revolution,99,Ungraded,Normal wear,,,0,1,2025-10-02,,,,
9491920,Emmitt Smith #11,Football Cards 2024 Topps Signature Class,88,Ungraded,Normal wear,,,0,1,2025-10-07,,,,
3134221,Zdeno Chara #644,Hockey Cards 2020 Upper Deck,150,Ungraded,Normal wear,,,0,1,2025-10-08,,,,
11012117,Sabo OP13-120,One Piece Carrying on His Will,660,Ungraded,Normal wear,,,0,1,2026-01-09,,,,
9549376,Nikita Zadorov #509,Hockey Cards 2024 Upper Deck,182,Ungraded,Normal wear,,,0,1,2025-10-04,,,,
8319160,Caitlin Clark #65,Basketball Cards 2024 Panini Prizm Monopoly WNBA,2823,Ungraded,Normal wear,,,0,3,2025-08-09,,,,ACoolWNBA - 2024 Panini Prizm Monopoly
5872215,Sabrina Ionescu #7,Basketball Cards 2023 Panini Prizm WNBA Top Tier,274,Ungraded,Normal wear,,,0,1,2025-10-04,,,,
9575257,Alex Jimenez #43,Soccer Cards 2024 Panini Select FIFA,226,Ungraded,Normal wear,,,0,1,2025-08-07,,,,
8561297,Rob Dillingham #8,Basketball Cards 2024 Panini Prizm Instant Impact,138,Ungraded,Normal wear,,,0,1,2025-10-07,,,,
9758306,D'Andre Swift #16,Football Cards 2024 Panini Contenders,135,Ungraded,Normal wear,,,0,1,2025-10-07,,,,
9390469,Raul Asencio #186,Soccer Cards 2024 Topps Chrome UEFA,182,Ungraded,Normal wear,,,0,1,2025-10-02,,,,
8317917,Sydney Colson #23,Basketball Cards 2024 Panini Prizm Monopoly WNBA,199,Ungraded,Normal wear,,,0,1,2025-10-02,,,,
9492250,Jason Kelce #43,Football Cards 2024 Topps Signature Class,136,Ungraded,Normal wear,,,0,1,2025-10-07,,,,
7608141,Seth Lundy #206,Basketball Cards 2023 Panini Hoops Premium Stock,200,Ungraded,Normal wear,,,0,1,2025-10-08,,,,
391792,Barry Sanders [Pink Pulsar Prizm] #11,Football Cards 2020 Panini Prizm Draft Picks,217,Ungraded,Normal wear,,,0,1,2026-01-09,,,,ACoolAUCTION - $7 Lot of Football
633176,Joe Montana #381,Football Cards 1989 Pro Set,194,Ungraded,Normal wear,,,0,1,2026-03-08,,,,
9383564,Lois Openda #20,Soccer Cards 2024 Topps Chrome UEFA,25,Ungraded,Normal wear,,,0,1,2025-10-02,,,,
1103910,Bo Jackson #330,Football Cards 1990 Panini Score,190,Ungraded,Normal wear,,,0,1,2026-01-08,,,,ACoolAUCTION - $7 Lot of Football
259631,Jerry Rice [Silver Prizm] #287,Football Cards 2019 Panini Prizm,299,Ungraded,Normal wear,,,0,1,2026-01-09,,,,
3141427,Drake Caggiula #506,Hockey Cards 2020 Upper Deck Extended Series,100,Ungraded,Normal wear,,,0,1,2025-10-04,,,,
9585430,Rico Lewis [Blue Pulsar] #16,Soccer Cards 2024 Panini Select FIFA Future,125,Ungraded,Normal wear,,,0,1,2025-08-07,,,,
9386881,Joao Palhinha #98,Soccer Cards 2024 Topps Chrome UEFA,200,Ungraded,Normal wear,,,0,1,2025-10-02,,,,
1104131,Lawrence Taylor #552,Football Cards 1990 Panini Score,156,Ungraded,Normal wear,,,0,1,2026-01-09,,,,ACoolAUCTION - $7 Lot of Football
8557736,Russell Westbrook #157,Basketball Cards 2024 Panini Prizm,25,Ungraded,Normal wear,,,0,1,2025-10-02,,,,
8531758,Scottie Barnes #16,Basketball Cards 2024 Panini Prizm,250,Ungraded,Normal wear,,,0,1,2025-08-30,,,,
1118665,Lawrence Taylor #756,Football Cards 1992 Topps,169,Ungraded,Normal wear,,,0,1,2026-01-09,,,,ACoolAUCTION - $7 Lot of Football
9574249,Ethan Nwaneri #12,Soccer Cards 2024 Panini Select FIFA,131,Ungraded,Normal wear,,,0,1,2025-08-07,,,,
8317355,Nika Muhl #4,Basketball Cards 2024 Panini Prizm Monopoly WNBA,166,Ungraded,Normal wear,,,0,1,2025-10-02,,,,
1104131,Lawrence Taylor #552,Football Cards 1990 Panini Score,156,Ungraded,Normal wear,,,0,1,2026-01-09,,,,ACoolAUCTION - $7 Lot of Football
9387684,Deniz Gul #117,Soccer Cards 2024 Topps Chrome UEFA,99,Ungraded,Normal wear,,,0,1,2025-10-02,,,,
8027604,Kyogo Furuhashi #140,Soccer Cards 2024 Topps UEFA,1,Ungraded,Normal wear,,,0,1,2025-10-07,,,,2024-25 Topps Chrome UEFA Club Competitions 
8318329,Sophie Cunningham #37,Basketball Cards 2024 Panini Prizm Monopoly WNBA,263,Ungraded,Normal wear,,,0,1,2025-10-02,,,,
9386970,Karim Adeyemi #105,Soccer Cards 2024 Topps Chrome UEFA,1,Ungraded,Normal wear,,,0,1,2025-10-02,,,,
3134233,Connor Hellebuyck #656,Hockey Cards 2020 Upper Deck,115,Ungraded,Normal wear,,,0,1,2025-10-08,,,,
9388839,Aingeru Olabarrieta #146,Soccer Cards 2024 Topps Chrome UEFA,347,Ungraded,Normal wear,,,0,1,2025-10-02,,,,
9387558,Kjell Watjen #118,Soccer Cards 2024 Topps Chrome UEFA,25,Ungraded,Normal wear,,,0,1,2025-10-02,,,,
8551602,Larry Bird #299,Basketball Cards 2024 Panini Prizm,149,Ungraded,Normal wear,,,0,1,2025-10-08,,,,
3134265,Frederik Andersen #688,Hockey Cards 2020 Upper Deck,6,Ungraded,Normal wear,,,0,1,2025-10-08,,,,
9259593,Jalen Brunson #1,Basketball Cards 2024 Panini Revolution,164,Ungraded,Normal wear,,,0,1,2025-10-02,,,,
9637799,Khris Middleton #75,Basketball Cards 2024 Topps Chrome,25,Ungraded,Normal wear,,,0,1,2025-10-07,,,,
5556828,Pedro Martinez #85,Baseball Cards 2002 Topps Opening Day,155,Ungraded,Normal wear,,,0,1,2025-12-06,,,,
8317917,Sydney Colson #23,Basketball Cards 2024 Panini Prizm Monopoly WNBA,199,Ungraded,Normal wear,,,0,1,2025-10-02,,,,
8560610,Donovan Clingan #13,Basketball Cards 2024 Panini Prizm Emergent,117,Ungraded,Normal wear,,,0,1,2025-10-08,,,,
276473,Barry Sanders [Silver Prizm] #33,Football Cards 2019 Panini Prizm Draft Picks,866,Ungraded,Normal wear,,,3,1,2026-01-09,,,,ACoolAUCTION - $7 Lot of Football
9383399,Pau Victor #16,Soccer Cards 2024 Topps Chrome UEFA,50,Ungraded,Normal wear,,,0,1,2025-10-02,,,,
1963529,Sandy Alomar #85,Baseball Cards 1993 Topps Gold,150,Ungraded,Normal wear,,,0,1,2026-03-08,,,,
9637923,Trae Young #82,Basketball Cards 2024 Topps Chrome,100,Ungraded,Normal wear,,,0,1,2025-10-07,,,,
9636456,Bam Adebayo #33,Basketball Cards 2024 Topps Chrome,203,Ungraded,Normal wear,,,0,1,2025-10-07,,,,
8705015,Declan Carlile #467,Hockey Cards 2024 Upper Deck,154,Ungraded,Normal wear,,,0,1,2025-10-04,,,,
8561345,Matas Buzelis #14,Basketball Cards 2024 Panini Prizm Instant Impact,159,Ungraded,Normal wear,,,2143,1,2025-08-31,,,,
9947322,Kyle Filipowski #231,Basketball Cards 2024 Panini Mosaic,133,Ungraded,Normal wear,,,0,1,2025-10-02,,,,
9638950,Anton Watson #107,Basketball Cards 2024 Topps Chrome,135,Ungraded,Normal wear,,,0,1,2025-10-07,,,,
9261220,Anfernee Simons #52,Basketball Cards 2024 Panini Revolution,118,Ungraded,Normal wear,,,0,1,2025-10-02,,,,
8319901,Sabrina Ionescu #WNBA18,Basketball Cards 2024 Panini Prizm Monopoly WNBA Insert,110,Ungraded,Normal wear,,,0,1,2025-10-07,,,,
9147119,Kiefer Sherwood #533,Hockey Cards 2020 Upper Deck Extended Series,210,Ungraded,Normal wear,,,0,1,2025-10-04,,,,
8029536,Jayden Danns #193,Soccer Cards 2024 Topps UEFA,50,Ungraded,Normal wear,,,0,1,2025-10-07,,,,
3134209,Joe Thornton #632,Hockey Cards 2020 Upper Deck,53,Ungraded,Normal wear,,,0,1,2025-10-08,,,,
9934183,Terry Rozier III #22,Basketball Cards 2024 Panini Mosaic,101,Ungraded,Normal wear,,,0,1,2025-10-02,,,,
276473,Barry Sanders [Silver Prizm] #33,Football Cards 2019 Panini Prizm Draft Picks,866,Ungraded,Normal wear,,,3,1,2026-01-09,,,,ACoolAUCTION - $7 Lot of Football
8319960,Diana Taurasi #WNBA20,Basketball Cards 2024 Panini Prizm Monopoly WNBA Insert,163,Ungraded,Normal wear,,,0,1,2025-10-07,,,,
9641420,Jalen Green #199,Basketball Cards 2024 Topps Chrome,0,Ungraded,Normal wear,,,0,1,2025-10-07,,,,
8531045,Keegan Murray [Red White Blue] #7,Basketball Cards 2024 Panini Prizm,146,Ungraded,Normal wear,,,0,1,2025-08-30,,,,
10266409,Demon Aura Nine Sword Style Asura Blades Drawn Dead Man's Game OP12-037,One Piece Legacy of the Master,300,Ungraded,Normal wear,,,0,1,2026-03-02,,,,
8533759,Cade Cunningham #41,Basketball Cards 2024 Panini Prizm,149,Ungraded,Normal wear,,,0,1,2025-08-30,,,,
9259593,Jalen Brunson #1,Basketball Cards 2024 Panini Revolution,164,Ungraded,Normal wear,,,0,1,2025-10-02,,,,
9384696,Phil Foden #47,Soccer Cards 2024 Topps Chrome UEFA,249,Ungraded,Normal wear,,,0,1,2025-10-02,,,,
10028598,Nick Ritchie #509,Hockey Cards 2020 Upper Deck Extended Series,122,Ungraded,Normal wear,,,0,1,2025-10-04,,,,
9389208,Joao Simoes #156,Soccer Cards 2024 Topps Chrome UEFA,25,Ungraded,Normal wear,,,0,1,2025-10-02,,,,
1925289,Doug Drabek #283,Baseball Cards 1987 Topps,155,Ungraded,Normal wear,,,0,1,2026-03-07,,,,
8022862,Vini Jr. #7,Soccer Cards 2024 Topps UEFA,148,Ungraded,Normal wear,,,0,1,2025-10-07,,,,
9387331,Noni Madueke #113,Soccer Cards 2024 Topps Chrome UEFA,1,Ungraded,Normal wear,,,0,1,2025-10-02,,,,
3134209,Joe Thornton #632,Hockey Cards 2020 Upper Deck,53,Ungraded,Normal wear,,,0,1,2025-10-08,,,,
9939010,Gradey Dick #98,Basketball Cards 2024 Panini Mosaic,99,Ungraded,Normal wear,,,0,1,2025-10-02,,,,
9260912,Donovan Mitchell #42,Basketball Cards 2024 Panini Revolution,114,Ungraded,Normal wear,,,0,1,2025-10-02,,,,
3465824,Jim Thome #41,Baseball Cards 2002 Stadium Club,128,Ungraded,Normal wear,,,0,1,2025-10-08,,,,
10028598,Nick Ritchie #509,Hockey Cards 2020 Upper Deck Extended Series,122,Ungraded,Normal wear,,,0,1,2025-10-04,,,,
8551906,Bronny James Jr. #243,Basketball Cards 2024 Panini Prizm,153,Ungraded,Normal wear,,,0,1,2025-08-31,,,,
10732742,Tyleik Williams #360,Football Cards 2025 Panini Donruss,90,Ungraded,Normal wear,,,0,1,2025-11-21,,,,
9262114,Nikola Jokic #76,Basketball Cards 2024 Panini Revolution,153,Ungraded,Normal wear,,,0,1,2025-10-04,,,,
9947970,Nikola Topic #242,Basketball Cards 2024 Panini Mosaic,94,Ungraded,Normal wear,,,0,1,2025-10-02,,,,
9259786,Keldon Johnson #7,Basketball Cards 2024 Panini Revolution,99,Ungraded,Normal wear,,,0,1,2025-10-02,,,,
8539741,Shai Gilgeous-Alexander [Red White Blue] #113,Basketball Cards 2024 Panini Prizm,299,Ungraded,Normal wear,,,0,1,2025-10-02,,,,
10003831,Willson Contreras [Sepia] #82,Baseball Cards 2025 Topps Chrome,100,Ungraded,Normal wear,,,0,1,2025-08-09,,,,
9934888,Spencer Dinwiddie #34,Basketball Cards 2024 Panini Mosaic,101,Ungraded,Normal wear,,,0,1,2025-10-02,,,,
1118665,Lawrence Taylor #756,Football Cards 1992 Topps,169,Ungraded,Normal wear,,,0,1,2026-01-09,,,,ACoolAUCTION - $7 Lot of Football
1947025,Barry Bonds #868,Baseball Cards 1991 Score,129,Ungraded,Normal wear,,,0,1,2026-01-16,2026-01-15,,,
9950483,Dalton Knecht #271,Basketball Cards 2024 Panini Mosaic,150,Ungraded,Normal wear,,,0,1,2025-10-03,,,,
9383814,James Tavernier #26,Soccer Cards 2024 Topps Chrome UEFA,25,Ungraded,Normal wear,,,0,1,2025-10-02,,,,
8319811,Jackie Young #WNBA15,Basketball Cards 2024 Panini Prizm Monopoly WNBA Insert,198,Ungraded,Normal wear,,,0,1,2025-08-09,,,,
9947204,Kel'el Ware #232,Basketball Cards 2024 Panini Mosaic,169,Ungraded,Normal wear,,,0,1,2025-10-02,,,,
6908764,Chase Briscoe #19,Racing Cards 2024 Donruss NASCAR,99,Ungraded,Normal wear,,,0,1,2026-03-06,2026-03-06,,,2024 DonRuss Racing NASCAR
9262016,Nikola Vucevic #80,Basketball Cards 2024 Panini Revolution,25,Ungraded,Normal wear,,,0,1,2025-10-04,,,,
8022862,Vini Jr. #7,Soccer Cards 2024 Topps UEFA,148,Ungraded,Normal wear,,,0,1,2026-01-16,,,,
8319901,Sabrina Ionescu #WNBA18,Basketball Cards 2024 Panini Prizm Monopoly WNBA Insert,110,Ungraded,Normal wear,,,0,1,2025-10-07,,,,
10732743,Cam Ward #350,Football Cards 2025 Panini Donruss,137,Ungraded,Normal wear,,,0,1,2025-11-21,,,,
391792,Barry Sanders [Pink Pulsar Prizm] #11,Football Cards 2020 Panini Prizm Draft Picks,217,Ungraded,Normal wear,,,3,1,2026-01-09,,,,ACoolAUCTION - $7 Lot of Football
8318833,Nneka Ogwumike #54,Basketball Cards 2024 Panini Prizm Monopoly WNBA,140,Ungraded,Normal wear,,,0,1,2025-10-02,,,,
9949946,Stephon Castle #267,Basketball Cards 2024 Panini Mosaic,245,Ungraded,Normal wear,,,0,1,2025-10-03,,,,
8561345,Matas Buzelis #14,Basketball Cards 2024 Panini Prizm Instant Impact,159,Ungraded,Normal wear,,,2143,1,2025-08-31,,,,
6736535,Cavendish EB01-012,One Piece Extra Booster Memorial Collection,179,Ungraded,Normal wear,,,0,1,2026-02-14,,,,ONE Piece GREEN Zoro Deck
8561369,Bub Carrington #17,Basketball Cards 2024 Panini Prizm Instant Impact,102,Ungraded,Normal wear,,,0,1,2025-08-31,,,,
1867591,Luis Tiant #167,Baseball Cards 1974 Topps,3370,Ungraded,Normal wear,,,0,10,2025-12-25,,,,
5868805,Crystal Dangerfield #29,Basketball Cards 2023 Panini Prizm WNBA,10,Ungraded,Normal wear,,,0,1,2025-12-01,,,,
10266405,Perona OP12-034,One Piece Legacy of the Master,622,Ungraded,Normal wear,,,0,1,2026-03-02,,,,
9261220,Anfernee Simons #52,Basketball Cards 2024 Panini Revolution,118,Ungraded,Normal wear,,,0,1,2025-10-04,,,,
9935420,Herbert Jones #40,Basketball Cards 2024 Panini Mosaic,99,Ungraded,Normal wear,,,0,1,2025-10-02,,,,
10028598,Nick Ritchie #509,Hockey Cards 2020 Upper Deck Extended Series,122,Ungraded,Normal wear,,,0,1,2025-10-04,,,,
9935827,Grant Williams #43,Basketball Cards 2024 Panini Mosaic,100,Ungraded,Normal wear,,,0,1,2025-10-02,,,,
8560543,Ron Holland II #4,Basketball Cards 2024 Panini Prizm Emergent,110,Ungraded,Normal wear,,,0,1,2025-10-08,,,,
9383564,Lois Openda #20,Soccer Cards 2024 Topps Chrome UEFA,25,Ungraded,Normal wear,,,0,1,2025-10-02,,,,
8561258,Nikola Topic #3,Basketball Cards 2024 Panini Prizm Instant Impact,105,Ungraded,Normal wear,,,0,1,2025-10-07,,,,
10266393,Koushirou OP12-027,One Piece Legacy of the Master,20,Ungraded,Normal wear,,,0,1,2026-03-02,,,,
9260619,Kyrie Irving #33,Basketball Cards 2024 Panini Revolution,99,Ungraded,Normal wear,,,0,1,2025-10-04,,,,
9549388,Jason Zucker #510,Hockey Cards 2024 Upper Deck,99,Ungraded,Normal wear,,,0,1,2025-10-04,,,,
3134244,John Carlson #667,Hockey Cards 2020 Upper Deck,184,Ungraded,Normal wear,,,0,1,2025-10-08,,,,
10732986,Jarquez Hunter #352,Football Cards 2025 Panini Donruss,26,Ungraded,Normal wear,,,0,1,2025-11-21,,,,
1103910,Bo Jackson #330,Football Cards 1990 Panini Score,190,Ungraded,Normal wear,,,0,1,2026-01-08,,,,ACoolAUCTION - $7 Lot of Football
9262598,Jarrett Allen #94,Basketball Cards 2024 Panini Revolution,119,Ungraded,Normal wear,,,0,1,2025-10-04,,,,
3141427,Drake Caggiula #506,Hockey Cards 2020 Upper Deck Extended Series,100,Ungraded,Normal wear,,,0,1,2025-10-04,,,,
8540967,Desmond Bane #125,Basketball Cards 2024 Panini Prizm,99,Ungraded,Normal wear,,,0,1,2025-08-31,,,,
9383315,Chido Obi #14,Soccer Cards 2024 Topps Chrome UEFA,176,Ungraded,Normal wear,,,0,1,2025-10-02,,,,
10266387,Roronoa Zoro OP12-020,One Piece Legacy of the Master,129,Ungraded,Normal wear,,,0,1,2026-03-02,,,,
1929068,Dwight Gooden #350,Baseball Cards 1988 Score,149,Ungraded,Normal wear,,,3,1,2026-01-16,,,,
9760101,Terry McLaurin #99,Football Cards 2024 Panini Contenders,1,Ungraded,Normal wear,,,0,1,2025-10-07,,,,
9960201,Paolo Banchero #11,Basketball Cards 2024 Panini Mosaic Jam Masters,145,Ungraded,Normal wear,,,0,1,2025-08-15,,,,
10733156,Oluwafemi Oladejo #384,Football Cards 2025 Panini Donruss,100,Ungraded,Normal wear,,,0,1,2025-11-21,,,,
1925380,Ron Guidry #375,Baseball Cards 1987 Topps,152,Ungraded,Normal wear,,,0,1,2026-03-07,,,,
9386859,Tosin Adarabioyo #102,Soccer Cards 2024 Topps Chrome UEFA,195,Ungraded,Normal wear,,,0,1,2025-10-02,,,,
8561384,Kyshawn George #19,Basketball Cards 2024 Panini Prizm Instant Impact,99,Ungraded,Normal wear,,,0,1,2025-10-07,,,,
10266387,Roronoa Zoro OP12-020,One Piece Legacy of the Master,199,Ungraded,Normal wear,,,0,1,2026-03-02,,,,
1885787,Tommy John #40,Baseball Cards 1982 Fleer,155,Ungraded,Normal wear,,,0,1,2026-03-05,,,,
8561337,Ron Holland II #13,Basketball Cards 2024 Panini Prizm Instant Impact,118,Ungraded,Normal wear,,,0,1,2025-08-31,,,,
8533691,Bennedict Mathurin [Red Ice] #40,Basketball Cards 2024 Panini Prizm,99,Ungraded,Normal wear,,,0,1,2025-08-30,,,,
9934183,Terry Rozier III #22,Basketball Cards 2024 Panini Mosaic,101,Ungraded,Normal wear,,,0,1,2025-10-02,,,,
1881490,Rollie Fingers #2,Baseball Cards 1981 Donruss,187,Ungraded,Normal wear,,,0,1,2025-10-08,,,,
8317708,Kia Nurse #16,Basketball Cards 2024 Panini Prizm Monopoly WNBA,150,Ungraded,Normal wear,,,0,1,2025-10-02,,,,
8549298,Adem Bona #267,Basketball Cards 2024 Panini Prizm,113,Ungraded,Normal wear,,,0,1,2025-10-02,,,,
9641420,Jalen Green #199,Basketball Cards 2024 Topps Chrome,0,Ungraded,Normal wear,,,0,1,2025-10-07,,,,
9939010,Gradey Dick #98,Basketball Cards 2024 Panini Mosaic,99,Ungraded,Normal wear,,,0,1,2025-10-02,,,,
9201808,Keon Coleman #111,Football Cards 2024 Topps Resurgence,100,Ungraded,Normal wear,,,0,1,2025-10-02,,,,
3134216,William Carrier #639,Hockey Cards 2020 Upper Deck,163,Ungraded,Normal wear,,,0,1,2025-10-08,,,,
9260436,Paul George #29,Basketball Cards 2024 Panini Revolution,100,Ungraded,Normal wear,,,0,1,2025-10-02,,,,
8319160,Caitlin Clark #65,Basketball Cards 2024 Panini Prizm Monopoly WNBA,941,Ungraded,Normal wear,,,0,1,2025-08-31,,,,
9936836,Chet Holmgren #63,Basketball Cards 2024 Panini Mosaic,50,Ungraded,Normal wear,,,0,1,2025-10-02,,,,
9758328,Keenan Allen #17,Football Cards 2024 Panini Contenders,99,Ungraded,Normal wear,,,0,1,2025-10-07,,,,
9935827,Grant Williams #43,Basketball Cards 2024 Panini Mosaic,100,Ungraded,Normal wear,,,0,1,2025-10-02,,,,
9261372,Miles Bridges #57,Basketball Cards 2024 Panini Revolution,99,Ungraded,Normal wear,,,0,1,2025-10-04,,,,
9199515,Tony Dorsett #28,Football Cards 2024 Topps Resurgence,125,Ungraded,Normal wear,,,0,1,2025-10-02,,,,
9384696,Phil Foden #47,Soccer Cards 2024 Topps Chrome UEFA,249,Ungraded,Normal wear,,,0,1,2025-10-02,,,,
8561384,Kyshawn George #19,Basketball Cards 2024 Panini Prizm Instant Impact,99,Ungraded,Normal wear,,,0,1,2025-08-31,,,,
10266391,Kawamatsu OP12-023,One Piece Legacy of the Master,9,Ungraded,Normal wear,,,0,1,2026-03-02,,,,
9260436,Paul George #29,Basketball Cards 2024 Panini Revolution,100,Ungraded,Normal wear,,,0,1,2025-10-04,,,,
1885787,Tommy John #40,Baseball Cards 1982 Fleer,155,Ungraded,Normal wear,,,0,1,2026-03-05,,,,
8557736,Russell Westbrook #157,Basketball Cards 2024 Panini Prizm,25,Ungraded,Normal wear,,,0,1,2025-10-08,,,,
8544837,Fred VanVleet [Red Ice] #170,Basketball Cards 2024 Panini Prizm,100,Ungraded,Normal wear,,,0,1,2025-10-02,,,,
5868787,Elena Delle Donne #11,Basketball Cards 2023 Panini Prizm WNBA,23,Ungraded,Normal wear,,,0,1,2025-12-01,,,,
10266409,Demon Aura Nine Sword Style Asura Blades Drawn Dead Man's Game OP12-037,One Piece Legacy of the Master,300,Ungraded,Normal wear,,,0,1,2026-03-02,,,,
9492032,Jordan Love #17,Football Cards 2024 Topps Signature Class,134,Ungraded,Normal wear,,,0,1,2025-10-07,,,,
1877323,Graig Nettles #250,Baseball Cards 1978 Topps,171,Ungraded,Normal wear,,,0,1,2025-12-25,,,,
8540967,Desmond Bane #125,Basketball Cards 2024 Panini Prizm,99,Ungraded,Normal wear,,,0,1,2025-10-08,,,,
9261372,Miles Bridges #57,Basketball Cards 2024 Panini Revolution,99,Ungraded,Normal wear,,,0,1,2025-10-02,,,,
3134193,Matt Nieto #616,Hockey Cards 2020 Upper Deck,137,Ungraded,Normal wear,,,0,1,2025-10-08,,,,
8319010,Diamond DeShields #60,Basketball Cards 2024 Panini Prizm Monopoly WNBA,129,Ungraded,Normal wear,,,0,1,2025-10-02,,,,
8319366,Alissa Pili #72,Basketball Cards 2024 Panini Prizm Monopoly WNBA,125,Ungraded,Normal wear,,,0,1,2025-10-02,,,,
9383315,Chido Obi #14,Soccer Cards 2024 Topps Chrome UEFA,176,Ungraded,Normal wear,,,0,1,2025-10-02,,,,
9640289,Justin Edwards #161,Basketball Cards 2024 Topps Chrome,153,Ungraded,Normal wear,,,0,1,2025-10-07,,,,
9383606,Folarin Balogun #21,Soccer Cards 2024 Topps Chrome UEFA,25,Ungraded,Normal wear,,,0,1,2025-10-02,,,,
9388839,Aingeru Olabarrieta #146,Soccer Cards 2024 Topps Chrome UEFA,347,Ungraded,Normal wear,,,0,1,2025-10-02,,,,
1103910,Bo Jackson #330,Football Cards 1990 Panini Score,190,Ungraded,Normal wear,,,0,1,2026-01-08,,,,ACoolAUCTION - $7 Lot of Football
8319811,Jackie Young #WNBA15,Basketball Cards 2024 Panini Prizm Monopoly WNBA Insert,198,Ungraded,Normal wear,,,0,1,2025-10-07,,,,
8027604,Kyogo Furuhashi #140,Soccer Cards 2024 Topps UEFA,1,Ungraded,Normal wear,,,0,1,2025-10-07,,,,2024-25 Topps Chrome UEFA Club Competitions 
8544837,Fred VanVleet [Red Ice] #170,Basketball Cards 2024 Panini Prizm,100,Ungraded,Normal wear,,,0,1,2025-10-02,,,,
8319811,Jackie Young #WNBA15,Basketball Cards 2024 Panini Prizm Monopoly WNBA Insert,198,Ungraded,Normal wear,,,0,1,2025-10-07,,,,
1920351,Dennis Eckersley #538,Baseball Cards 1986 Topps,150,Ungraded,Normal wear,,,0,1,2026-03-05,,,,
1895869,Dave Winfield #8,Baseball Cards 1984 Topps All Star Glossy Set of 22,0,Ungraded,Normal wear,,,0,1,2025-10-08,,,,
1103588,Bo Jackson #10,Football Cards 1990 Panini Score,127,Ungraded,Normal wear,,,0,1,2026-01-08,,,,ACoolAUCTION - $7 Lot of Football
8318833,Nneka Ogwumike #54,Basketball Cards 2024 Panini Prizm Monopoly WNBA,140,Ungraded,Normal wear,,,0,1,2025-10-02,,,,
8561369,Bub Carrington #17,Basketball Cards 2024 Panini Prizm Instant Impact,102,Ungraded,Normal wear,,,0,1,2025-10-07,,,,
9262440,Julius Randle #90,Basketball Cards 2024 Panini Revolution,114,Ungraded,Normal wear,,,0,1,2025-10-02,,,,
11012011,Roronoa Zoro OP13-037,One Piece Carrying on His Will,103,Ungraded,Normal wear,,,0,1,2026-03-02,,,,
3134241,Tyler Seguin #664,Hockey Cards 2020 Upper Deck,149,Ungraded,Normal wear,,,0,1,2025-10-08,,,,
6578701,Dracule Mihawk ST12-003,One Piece Starter Deck 12,469,Ungraded,Normal wear,,,0,1,2026-03-02,,,,
3134257,Quinn Hughes #680,Hockey Cards 2020 Upper Deck,140,Ungraded,Normal wear,,,0,1,2025-10-04,,,,
8319990,Sheryl Swoopes #WNBA21,Basketball Cards 2024 Panini Prizm Monopoly WNBA Insert,121,Ungraded,Normal wear,,,0,1,2025-10-07,,,,
8545502,Nick Smith Jr. #185,Basketball Cards 2024 Panini Prizm,99,Ungraded,Normal wear,,,0,1,2025-10-02,,,,
1925380,Ron Guidry #375,Baseball Cards 1987 Topps,152,Ungraded,Normal wear,,,0,1,2026-03-07,,,,
2322811,Len Dykstra #740,Baseball Cards 1993 Topps,160,Ungraded,Normal wear,,,0,1,2026-03-07,,,,
9491998,Brett Favre #16,Football Cards 2024 Topps Signature Class,89,Ungraded,Normal wear,,,0,1,2025-10-07,,,,
1885787,Tommy John #40,Baseball Cards 1982 Fleer,155,Ungraded,Normal wear,,,0,1,2026-03-05,,,,
8881841,Thomas Greiss #544,Hockey Cards 2020 Upper Deck Extended Series,149,Ungraded,Normal wear,,,0,1,2025-10-04,,,,
391792,Barry Sanders [Pink Pulsar Prizm] #11,Football Cards 2020 Panini Prizm Draft Picks,217,Ungraded,Normal wear,,,0,1,2026-01-09,,,,ACoolAUCTION - $7 Lot of Football
9759927,DK Metcalf #91,Football Cards 2024 Panini Contenders,80,Ungraded,Normal wear,,,0,1,2025-10-07,,,,
8560610,Donovan Clingan #13,Basketball Cards 2024 Panini Prizm Emergent,117,Ungraded,Normal wear,,,0,1,2025-10-08,,,,
9573927,Endrick #2,Soccer Cards 2024 Panini Select FIFA,102,Ungraded,Normal wear,,,0,1,2025-08-07,,,,
8533116,Gary Trent Jr. #33,Basketball Cards 2024 Panini Prizm,25,Ungraded,Normal wear,,,0,1,2025-08-31,,,,
9937625,Anthony Black #76,Basketball Cards 2024 Panini Mosaic,126,Ungraded,Normal wear,,,0,1,2025-10-02,,,,
8535776,Derrick White #66,Basketball Cards 2024 Panini Prizm,204,Ungraded,Normal wear,,,0,1,2025-08-31,,,,
8555577,Hakeem Olajuwon #296,Basketball Cards 2024 Panini Prizm,106,Ungraded,Normal wear,,,0,1,2025-10-02,,,,
9758156,Derrick Henry #9,Football Cards 2024 Panini Contenders,25,Ungraded,Normal wear,,,104,1,2025-10-07,,,,
9491866,Jim McMahon #6,Football Cards 2024 Topps Signature Class,76,Ungraded,Normal wear,,,0,1,2025-10-07,,,,
9759439,Rhamondre Stevenson #68,Football Cards 2024 Panini Contenders,63,Ungraded,Normal wear,,,0,1,2025-10-07,,,,
8545502,Nick Smith Jr. #185,Basketball Cards 2024 Panini Prizm,99,Ungraded,Normal wear,,,0,1,2025-10-08,,,,
8320285,Celeste Taylor #66,Basketball Cards 2024 Panini Prizm Monopoly WNBA,148,Ungraded,Normal wear,,,0,1,2025-10-02,,,,
9960248,Ja Morant [Green] #12,Basketball Cards 2024 Panini Mosaic Jam Masters,142,Ungraded,Normal wear,,,0,1,2025-10-03,,,,
8538841,Jalen Green #102,Basketball Cards 2024 Panini Prizm,6,Ungraded,Normal wear,,,0,1,2025-10-08,,,,
8545545,Lauri Markkanen #186,Basketball Cards 2024 Panini Prizm,100,Ungraded,Normal wear,,,0,1,2025-10-08,,,,
10266415,Luffy Is the Man Who Will Become the King of Pirates!!! OP12-039,One Piece Legacy of the Master,43,Ungraded,Normal wear,,,0,1,2026-03-02,,,,
10266403,Tashigi OP12-031,One Piece Legacy of the Master,157,Ungraded,Normal wear,,,0,1,2026-03-02,,,,
9261220,Anfernee Simons #52,Basketball Cards 2024 Panini Revolution,118,Ungraded,Normal wear,,,0,1,2025-10-04,,,,
1104798,"Joe Montana [Kelly 3,521 Yds.] #2",Football Cards 1990 Pro Set,169,Ungraded,Normal wear,,,0,1,2026-01-06,,,,ACoolAUCTION - $7 Lot of Football
10266409,Demon Aura Nine Sword Style Asura Blades Drawn Dead Man's Game OP12-037,One Piece Legacy of the Master,300,Ungraded,Normal wear,,,0,1,2026-03-02,,,,
9758515,CeeDee Lamb #26,Football Cards 2024 Panini Contenders,133,Ungraded,Normal wear,,,0,1,2025-10-07,,,,
11056877,Monkey D Luffy [Metallic] #2138,Funko POP Animation,2399,Ungraded,Normal wear,,,0,1,2025-11-22,,,,
1103588,Bo Jackson #10,Football Cards 1990 Panini Score,127,Ungraded,Normal wear,,,0,1,2026-01-08,,,,ACoolAUCTION - $7 Lot of Football
9758655,Jahmyr Gibbs #32,Football Cards 2024 Panini Contenders,138,Ungraded,Normal wear,,,0,1,2025-10-07,,,,
9260293,Draymond Green #23,Basketball Cards 2024 Panini Revolution,6,Ungraded,Normal wear,,,0,1,2025-10-02,,,,
8705015,Declan Carlile #467,Hockey Cards 2024 Upper Deck,154,Ungraded,Normal wear,,,0,1,2025-10-04,,,,
8556101,Duncan Robinson #190,Basketball Cards 2024 Panini Prizm,125,Ungraded,Normal wear,,,0,1,2025-10-02,,,,
8531596,Rui Hachimura #14,Basketball Cards 2024 Panini Prizm,99,Ungraded,Normal wear,,,0,1,2025-10-08,,,,
9640169,CJ McCollum #157,Basketball Cards 2024 Topps Chrome,25,Ungraded,Normal wear,,,0,1,2025-10-07,,,,
1103910,Bo Jackson #330,Football Cards 1990 Panini Score,190,Ungraded,Normal wear,,,0,1,2026-01-08,,,,ACoolAUCTION - $7 Lot of Football
9933495,Max Strus #11,Basketball Cards 2024 Panini Mosaic,299,Ungraded,Normal wear,,,0,1,2025-10-02,,,,
1885072,Graig Nettles #365,Baseball Cards 1981 Topps,165,Ungraded,Normal wear,,,0,1,2025-12-25,,,,
9387352,Marcus Thuram #111,Soccer Cards 2024 Topps Chrome UEFA,499,Ungraded,Normal wear,,,0,1,2025-10-02,,,,
8317469,Ezi Magbegor #8,Basketball Cards 2024 Panini Prizm Monopoly WNBA,149,Ungraded,Normal wear,,,0,1,2025-10-02,,,,
9262016,Nikola Vucevic #80,Basketball Cards 2024 Panini Revolution,25,Ungraded,Normal wear,,,0,1,2025-10-02,,,,
9758350,DJ Moore #18,Football Cards 2024 Panini Contenders,90,Ungraded,Normal wear,,,0,1,2025-10-07,,,,
391792,Barry Sanders [Pink Pulsar Prizm] #11,Football Cards 2020 Panini Prizm Draft Picks,217,Ungraded,Normal wear,,,0,1,2026-01-09,,,,ACoolAUCTION - $7 Lot of Football
9491944,Peyton Manning #20,Football Cards 2024 Topps Signature Class,118,Ungraded,Normal wear,,,0,1,2025-10-07,,,,
9261896,Naz Reid #72,Basketball Cards 2024 Panini Revolution,147,Ungraded,Normal wear,,,0,1,2025-10-04,,,,
1897581,Pete Rose #300,Baseball Cards 1984 Topps,163,Ungraded,Normal wear,,,0,1,2025-12-17,,,,
9262122,Chet Holmgren #86,Basketball Cards 2024 Panini Revolution,197,Ungraded,Normal wear,,,0,1,2025-10-04,,,,
9794169,Rob Dillingham [Blue] #187,Basketball Cards 2024 Panini Select,170,Ungraded,Normal wear,,,0,1,2025-08-08,,,,
10266393,Koushirou OP12-027,One Piece Legacy of the Master,20,Ungraded,Normal wear,,,0,1,2026-03-02,,,,
8536583,Jonas Valanciunas #76,Basketball Cards 2024 Panini Prizm,59,Ungraded,Normal wear,,,0,1,2025-10-08,,,,
3134233,Connor Hellebuyck #656,Hockey Cards 2020 Upper Deck,115,Ungraded,Normal wear,,,0,1,2025-10-08,,,,
9638950,Anton Watson #107,Basketball Cards 2024 Topps Chrome,135,Ungraded,Normal wear,,,0,1,2025-10-07,,,,
9937625,Anthony Black #76,Basketball Cards 2024 Panini Mosaic,126,Ungraded,Normal wear,,,0,1,2025-10-02,,,,
10266387,Roronoa Zoro OP12-020,One Piece Legacy of the Master,199,Ungraded,Normal wear,,,0,1,2026-03-02,,,,
7613190,Ja Morant #19,Basketball Cards 2023 Panini Hoops Premium Stock Anti Gravity,142,Ungraded,Normal wear,,,0,1,2025-10-08,,,,
9549376,Nikita Zadorov #509,Hockey Cards 2024 Upper Deck,182,Ungraded,Normal wear,,,0,1,2025-10-04,,,,
8545545,Lauri Markkanen #186,Basketball Cards 2024 Panini Prizm,100,Ungraded,Normal wear,,,0,1,2025-10-02,,,,
8541967,Stephen Curry #134,Basketball Cards 2024 Panini Prizm,188,Ungraded,Normal wear,,,0,1,2025-10-08,,,,
9759202,Khalil Mack #57,Football Cards 2024 Panini Contenders,146,Ungraded,Normal wear,,,0,1,2025-10-07,,,,
9262440,Julius Randle #90,Basketball Cards 2024 Panini Revolution,114,Ungraded,Normal wear,,,0,1,2025-10-04,,,,
8319433,Kelsey Plum #WNBA2,Basketball Cards 2024 Panini Prizm Monopoly WNBA Insert,151,Ungraded,Normal wear,,,0,1,2025-10-02,,,,
9261622,Alperen Sengun #65,Basketball Cards 2024 Panini Revolution,100,Ungraded,Normal wear,,,0,1,2025-10-04,,,,
9760079,Austin Ekeler #98,Football Cards 2024 Panini Contenders,169,Ungraded,Normal wear,,,0,1,2025-10-07,,,,
10266405,Perona OP12-034,One Piece Legacy of the Master,622,Ungraded,Normal wear,,,0,1,2026-03-02,,,,
9758515,CeeDee Lamb #26,Football Cards 2024 Panini Contenders,133,Ungraded,Normal wear,,,0,1,2025-10-07,,,,
276473,Barry Sanders [Silver Prizm] #33,Football Cards 2019 Panini Prizm Draft Picks,866,Ungraded,Normal wear,,,3,1,2026-01-09,,,,ACoolAUCTION - $7 Lot of Football
9260912,Donovan Mitchell #42,Basketball Cards 2024 Panini Revolution,114,Ungraded,Normal wear,,,0,1,2025-10-04,,,,
9759251,Cooper Kupp #58,Football Cards 2024 Panini Contenders,80,Ungraded,Normal wear,,,0,1,2025-10-07,,,,
9492250,Jason Kelce #43,Football Cards 2024 Topps Signature Class,136,Ungraded,Normal wear,,,0,1,2025-10-07,,,,
9949946,Stephon Castle #267,Basketball Cards 2024 Panini Mosaic,245,Ungraded,Normal wear,,,0,1,2025-10-03,,,,
3134216,William Carrier #639,Hockey Cards 2020 Upper Deck,163,Ungraded,Normal wear,,,0,1,2025-10-08,,,,
8881837,Justin Dowling #542,Hockey Cards 2020 Upper Deck Extended Series,110,Ungraded,Normal wear,,,0,1,2025-10-04,,,,
9640169,CJ McCollum #157,Basketball Cards 2024 Topps Chrome,25,Ungraded,Normal wear,,,0,1,2025-10-07,,,,
640933,Joe Montana #251,Football Cards 1991 Ultra,153,Ungraded,Normal wear,,,0,1,2026-01-06,,,,ACoolAUCTION - $7 Lot of Football
9637829,Tyler Herro #79,Basketball Cards 2024 Topps Chrome,199,Ungraded,Normal wear,,,0,1,2025-10-07,,,,
10266415,Luffy Is the Man Who Will Become the King of Pirates!!! OP12-039,One Piece Legacy of the Master,43,Ungraded,Normal wear,,,0,1,2026-03-02,,,,
8880210,Andrew Shaw #527,Hockey Cards 2020 Upper Deck Extended Series,139,Ungraded,Normal wear,,,0,1,2025-10-04,,,,
9260038,Michael Porter Jr. #15,Basketball Cards 2024 Panini Revolution,99,Ungraded,Normal wear,,,0,1,2025-10-02,,,,
9261896,Naz Reid #72,Basketball Cards 2024 Panini Revolution,147,Ungraded,Normal wear,,,0,1,2025-10-04,,,,
9491811,Kurt Warner #1,Football Cards 2024 Topps Signature Class,17,Ungraded,Normal wear,,,0,1,2025-10-07,,,,
8552002,Reed Sheppard #268,Basketball Cards 2024 Panini Prizm,134,Ungraded,Normal wear,,,0,1,2025-10-03,,,,
8541413,Nikola Jokic #129,Basketball Cards 2024 Panini Prizm,149,Ungraded,Normal wear,,,0,1,2025-10-08,,,,
10266409,Demon Aura Nine Sword Style Asura Blades Drawn Dead Man's Game OP12-037,One Piece Legacy of the Master,300,Ungraded,Normal wear,,,0,1,2026-03-02,,,,
9491866,Jim McMahon #6,Football Cards 2024 Topps Signature Class,76,Ungraded,Normal wear,,,0,1,2025-10-07,,,,
10266394,Kuina OP12-026,One Piece Legacy of the Master,638,Ungraded,Normal wear,,,0,1,2026-03-02,,,,
11056877,Monkey D Luffy [Metallic] #2138,Funko POP Animation,2399,Ungraded,Normal wear,,,0,1,2025-11-22,,,,
8541967,Stephen Curry #134,Basketball Cards 2024 Panini Prizm,188,Ungraded,Normal wear,,,0,1,2025-10-08,,,,
9260436,Paul George #29,Basketball Cards 2024 Panini Revolution,100,Ungraded,Normal wear,,,0,1,2025-10-04,,,,
10733419,Carson Schwesinger #392,Football Cards 2025 Panini Donruss,149,Ungraded,Normal wear,,,0,1,2025-11-21,,,,
1109433,Jerry Rice #59,Football Cards 1992 Action Packed Rookie Update,149,Ungraded,Normal wear,,,0,1,2026-01-09,,,,ACoolAUCTION - $7 Lot of Football
8560279,Jayson Tatum #7,Basketball Cards 2024 Panini Prizm Deep Space,125,Ungraded,Normal wear,,,0,1,2025-10-08,,,,
8561369,Bub Carrington #17,Basketball Cards 2024 Panini Prizm Instant Impact,102,Ungraded,Normal wear,,,0,1,2025-10-07,,,,
8317469,Ezi Magbegor #8,Basketball Cards 2024 Panini Prizm Monopoly WNBA,149,Ungraded,Normal wear,,,0,1,2025-10-02,,,,
9759905,Tyler Lockett #90,Football Cards 2024 Panini Contenders,27,Ungraded,Normal wear,,,0,1,2025-10-07,,,,
1887149,Dave Kingman #182,Baseball Cards 1982 Donruss,148,Ungraded,Normal wear,,,0,1,2025-12-01,,,,
3134212,Braden Holtby #635,Hockey Cards 2020 Upper Deck,114,Ungraded,Normal wear,,,0,1,2025-10-08,,,,
9947322,Kyle Filipowski #231,Basketball Cards 2024 Panini Mosaic,133,Ungraded,Normal wear,,,0,1,2025-10-02,,,,
1134431,Barry Sanders [Members Only] #496,Football Cards 1993 Stadium Club,144,Ungraded,Normal wear,,,3,1,2026-01-09,,,,ACoolAUCTION - $7 Lot of Football
10733429,Josaiah Stewart #376,Football Cards 2025 Panini Donruss,15,Ungraded,Normal wear,,,0,1,2025-11-21,,,,
9637923,Trae Young #82,Basketball Cards 2024 Topps Chrome,100,Ungraded,Normal wear,,,0,1,2025-10-07,,,,
9933118,Marcus Smart #5,Basketball Cards 2024 Panini Mosaic,125,Ungraded,Normal wear,,,0,1,2025-10-02,,,,
8561258,Nikola Topic #3,Basketball Cards 2024 Panini Prizm Instant Impact,105,Ungraded,Normal wear,,,0,1,2025-08-31,,,,
9759027,Harrison Butker #49,Football Cards 2024 Panini Contenders,117,Ungraded,Normal wear,,,0,1,2025-10-07,,,,
11012005,Trafalgar Law OP13-031,One Piece Carrying on His Will,83,Ungraded,Normal wear,,,0,1,2026-03-02,,,,
9947204,Kel'el Ware #232,Basketball Cards 2024 Panini Mosaic,169,Ungraded,Normal wear,,,0,1,2025-10-02,,,,
8541967,Stephen Curry #134,Basketball Cards 2024 Panini Prizm,188,Ungraded,Normal wear,,,0,1,2025-08-31,,,,
8556152,Norman Powell #203,Basketball Cards 2024 Panini Prizm,99,Ungraded,Normal wear,,,0,1,2025-10-08,,,,
8319433,Kelsey Plum #WNBA2,Basketball Cards 2024 Panini Prizm Monopoly WNBA Insert,151,Ungraded,Normal wear,,,0,1,2025-10-02,,,,
8531110,Devin Booker #8,Basketball Cards 2024 Panini Prizm,162,Ungraded,Normal wear,,,0,1,2025-08-30,,,,
9638404,Larry Johnson #98,Basketball Cards 2024 Topps Chrome,62,Ungraded,Normal wear,,,0,1,2025-10-07,,,,
9934888,Spencer Dinwiddie #34,Basketball Cards 2024 Panini Mosaic,101,Ungraded,Normal wear,,,0,1,2025-10-02,,,,
9260777,Klay Thompson #37,Basketball Cards 2024 Panini Revolution,99,Ungraded,Normal wear,,,0,1,2025-10-04,,,,
9389385,Maximilian Beier #159,Soccer Cards 2024 Topps Chrome UEFA,399,Ungraded,Normal wear,,,0,1,2025-10-02,,,,
9390469,Raul Asencio #186,Soccer Cards 2024 Topps Chrome UEFA,182,Ungraded,Normal wear,,,0,1,2025-10-02,,,,
8319277,Zia Cooke #69,Basketball Cards 2024 Panini Prizm Monopoly WNBA,3,Ungraded,Normal wear,,,0,1,2025-10-02,,,,
8318833,Nneka Ogwumike #54,Basketball Cards 2024 Panini Prizm Monopoly WNBA,140,Ungraded,Normal wear,,,0,1,2025-10-02,,,,
10266391,Kawamatsu OP12-023,One Piece Legacy of the Master,9,Ungraded,Normal wear,,,0,1,2026-03-02,,,,
7613190,Ja Morant #19,Basketball Cards 2023 Panini Hoops Premium Stock Anti Gravity,142,Ungraded,Normal wear,,,0,1,2025-10-08,,,,
3134257,Quinn Hughes #680,Hockey Cards 2020 Upper Deck,140,Ungraded,Normal wear,,,0,1,2025-10-08,,,,
10266398,Dracule Mihawk OP12-030,One Piece Legacy of the Master,200,Ungraded,Normal wear,,,0,1,2026-03-02,,,,
1885072,Graig Nettles #365,Baseball Cards 1981 Topps,165,Ungraded,Normal wear,,,0,1,2025-12-25,,,,
11012005,Trafalgar Law OP13-031,One Piece Carrying on His Will,83,Ungraded,Normal wear,,,0,1,2026-03-02,,,,
10266393,Koushirou OP12-027,One Piece Legacy of the Master,20,Ungraded,Normal wear,,,0,1,2026-03-02,,,,
634893,Joe Montana #479,Football Cards 1991 Bowman,175,Ungraded,Normal wear,,,0,1,2026-01-06,,,,ACoolAUCTION - $7 Lot of Football
9933495,Max Strus #11,Basketball Cards 2024 Panini Mosaic,299,Ungraded,Normal wear,,,0,1,2025-10-02,,,,
1164585,Joe Montana #15,Football Cards 1995 Fleer Flair Preview,217,Ungraded,Normal wear,,,0,1,2026-01-06,,,,ACoolAUCTION - $7 Lot of Football
8533759,Cade Cunningham #41,Basketball Cards 2024 Panini Prizm,149,Ungraded,Normal wear,,,0,1,2025-10-08,,,,
10028599,Josh Leivo #517,Hockey Cards 2020 Upper Deck Extended Series,25,Ungraded,Normal wear,,,0,1,2025-10-04,,,,
8530711,Jordan Clarkson #3,Basketball Cards 2024 Panini Prizm,129,Ungraded,Normal wear,,,0,1,2025-08-30,,,,
9758655,Jahmyr Gibbs #32,Football Cards 2024 Panini Contenders,138,Ungraded,Normal wear,,,0,1,2025-10-07,,,,
9760101,Terry McLaurin #99,Football Cards 2024 Panini Contenders,1,Ungraded,Normal wear,,,0,1,2025-10-07,,,,
8539741,Shai Gilgeous-Alexander [Red White Blue] #113,Basketball Cards 2024 Panini Prizm,299,Ungraded,Normal wear,,,0,1,2025-10-02,,,,
9637829,Tyler Herro #79,Basketball Cards 2024 Topps Chrome,199,Ungraded,Normal wear,,,0,1,2025-10-07,,,,
9260619,Kyrie Irving #33,Basketball Cards 2024 Panini Revolution,99,Ungraded,Normal wear,,,0,1,2025-10-02,,,,
9147249,Michael Del Zotto #535,Hockey Cards 2020 Upper Deck Extended Series,25,Ungraded,Normal wear,,,0,1,2025-10-04,,,,
1887149,Dave Kingman #182,Baseball Cards 1982 Donruss,148,Ungraded,Normal wear,,,0,1,2025-12-01,,,,
8534807,Bradley Beal #54,Basketball Cards 2024 Panini Prizm,100,Ungraded,Normal wear,,,0,1,2025-08-31,,,,
10266405,Perona OP12-034,One Piece Legacy of the Master,622,Ungraded,Normal wear,,,0,1,2026-03-02,,,,
10732919,Jaylin Lane #335,Football Cards 2025 Panini Donruss,99,Ungraded,Normal wear,,,0,1,2025-11-21,,,,
8318566,Jonquel Jones #45,Basketball Cards 2024 Panini Prizm Monopoly WNBA,189,Ungraded,Normal wear,,,0,1,2025-10-02,,,,
9387558,Kjell Watjen #118,Soccer Cards 2024 Topps Chrome UEFA,25,Ungraded,Normal wear,,,0,1,2025-10-02,,,,
8531758,Scottie Barnes #16,Basketball Cards 2024 Panini Prizm,250,Ungraded,Normal wear,,,0,1,2025-08-30,,,,
9390469,Raul Asencio #186,Soccer Cards 2024 Topps Chrome UEFA,182,Ungraded,Normal wear,,,0,1,2025-10-02,,,,
1164587,Dan Marino #18,Football Cards 1995 Fleer Flair Preview,172,Ungraded,Normal wear,,,0,1,2026-01-06,,,,ACoolAUCTION - $7 Lot of Football
9260038,Michael Porter Jr. #15,Basketball Cards 2024 Panini Revolution,99,Ungraded,Normal wear,,,0,1,2025-10-04,,,,
9937314,Desmond Bane #72,Basketball Cards 2024 Panini Mosaic,129,Ungraded,Normal wear,,,0,1,2025-10-02,,,,
259631,Jerry Rice [Silver Prizm] #287,Football Cards 2019 Panini Prizm,299,Ungraded,Normal wear,,,0,1,2026-01-09,,,,ACoolAUCTION - $7 Lot of Football
8538841,Jalen Green #102,Basketball Cards 2024 Panini Prizm,6,Ungraded,Normal wear,,,0,1,2025-08-31,,,,
9635715,Alonzo Mourning #9,Basketball Cards 2024 Topps Chrome,124,Ungraded,Normal wear,,,0,1,2025-10-07,,,,
1965309,Anthony Young #734,Baseball Cards 1993 Topps,127,Ungraded,Normal wear,,,0,1,2025-11-12,,,,
8561393,Tristan da Silva #20,Basketball Cards 2024 Panini Prizm Instant Impact,99,Ungraded,Normal wear,,,0,1,2025-08-31,,,,
10266415,Luffy Is the Man Who Will Become the King of Pirates!!! OP12-039,One Piece Legacy of the Master,43,Ungraded,Normal wear,,,0,1,2026-03-02,,,,
1879574,Reggie Jackson #700,Baseball Cards 1979 Topps,1497500,Ungraded,Normal wear,,,3,10,2025-12-17,,,,
1867591,Luis Tiant #167,Baseball Cards 1974 Topps,89900,Ungraded,Normal wear,,,0,1,2025-12-25,,,,
9491944,Peyton Manning #20,Football Cards 2024 Topps Signature Class,118,Ungraded,Normal wear,,,0,1,2025-10-07,,,,
5872215,Sabrina Ionescu #7,Basketball Cards 2023 Panini Prizm WNBA Top Tier,274,Ungraded,Normal wear,,,0,1,2025-12-01,,,,
10732742,Tyleik Williams #360,Football Cards 2025 Panini Donruss,90,Ungraded,Normal wear,,,0,1,2025-11-21,,,,
637615,Barry Sanders #33,Football Cards 1991 Pro Set Platinum,137,Ungraded,Normal wear,,,0,1,2026-03-08,,,,
4647685,1996,Coins American Silver Eagle,30200,Ungraded,No blemishes,,,6800,1,2026-01-10,2025-12-26,,,ACoolCOIN - American Silver Eagle
10732919,Jaylin Lane #335,Football Cards 2025 Panini Donruss,99,Ungraded,Normal wear,,,0,1,2025-11-21,,,,
1885072,Graig Nettles #365,Baseball Cards 1981 Topps,165,Ungraded,Normal wear,,,0,1,2025-10-08,,,,
627707,Mike Taliaferro #259,Football Cards 1971 Topps,171,Ungraded,Normal wear,,,0,1,2025-12-25,,,,
1879574,Reggie Jackson #700,Baseball Cards 1979 Topps,149750,Ungraded,Normal wear,,,0,1,2025-12-17,,,,
1134431,Barry Sanders [Members Only] #496,Football Cards 1993 Stadium Club,144,Ungraded,Normal wear,,,3,1,2026-01-09,,,,ACoolAUCTION - $7 Lot of Football
9936485,Keegan Murray #57,Basketball Cards 2024 Panini Mosaic,162,Ungraded,Normal wear,,,0,1,2025-10-02,,,,
9639828,Johnny Furphy #139,Basketball Cards 2024 Topps Chrome,100,Ungraded,Normal wear,,,0,1,2025-10-07,,,,
9263255,Harrison Ingram #103,Basketball Cards 2024 Panini Revolution,135,Ungraded,Normal wear,,,0,1,2025-08-13,,,,
9960236,Bub Carrington #7,Basketball Cards 2024 Panini Mosaic Jam Masters,132,Ungraded,Normal wear,,,0,1,2025-10-03,,,,
9641194,Ja Morant #188,Basketball Cards 2024 Topps Chrome,129,Ungraded,Normal wear,,,0,1,2025-10-07,,,,
9759251,Cooper Kupp #58,Football Cards 2024 Panini Contenders,80,Ungraded,Normal wear,,,0,1,2025-10-07,,,,
8530949,Andrew Nembhard #6,Basketball Cards 2024 Panini Prizm,125,Ungraded,Normal wear,,,0,1,2025-08-30,,,,
3134269,Victor Hedman #692,Hockey Cards 2020 Upper Deck,180,Ungraded,Normal wear,,,0,1,2025-10-08,,,,
8319960,Diana Taurasi #WNBA20,Basketball Cards 2024 Panini Prizm Monopoly WNBA Insert,163,Ungraded,Normal wear,,,0,1,2025-10-07,,,,
10733540,Josh Simmons #368,Football Cards 2025 Panini Donruss,127,Ungraded,Normal wear,,,0,1,2025-11-21,,,,
8559968,Shai Gilgeous-Alexander [Red Ice] #113,Basketball Cards 2024 Panini Prizm,301,Ungraded,Normal wear,,,0,1,2025-10-02,,,,
9758328,Keenan Allen #17,Football Cards 2024 Panini Contenders,99,Ungraded,Normal wear,,,0,1,2025-10-07,,,,
9938948,Karl-Anthony Towns #97,Basketball Cards 2024 Panini Mosaic,170,Ungraded,Normal wear,,,0,1,2025-10-02,,,,
634893,Joe Montana #479,Football Cards 1991 Bowman,175,Ungraded,Normal wear,,,33,1,2026-01-06,,,,ACoolAUCTION - $7 Lot of Football
1881490,Rollie Fingers #2,Baseball Cards 1981 Donruss,187,Ungraded,Normal wear,,,0,1,2026-03-08,,,,
10008484,Chris Bassitt [Sepia] #184,Baseball Cards 2025 Topps Chrome,150,Ungraded,Normal wear,,,0,1,2025-08-09,,,,
8027604,Kyogo Furuhashi #140,Soccer Cards 2024 Topps UEFA,1,Ungraded,Normal wear,,,0,1,2025-10-07,,,,2024-25 Topps Chrome UEFA Club Competitions 
8556152,Norman Powell #203,Basketball Cards 2024 Panini Prizm,99,Ungraded,Normal wear,,,0,1,2025-10-02,,,,
9759293,Puka Nacua #59,Football Cards 2024 Panini Contenders,109,Ungraded,Normal wear,,,0,1,2025-10-07,,,,
8560737,Stephon Castle #29,Basketball Cards 2024 Panini Prizm Emergent,154,Ungraded,Normal wear,,,0,1,2025-10-08,,,,
9950483,Dalton Knecht #271,Basketball Cards 2024 Panini Mosaic,150,Ungraded,Normal wear,,,0,1,2025-10-03,,,,
8533759,Cade Cunningham #41,Basketball Cards 2024 Panini Prizm,149,Ungraded,Normal wear,,,0,1,2025-08-30,,,,
3465824,Jim Thome #41,Baseball Cards 2002 Stadium Club,128,Ungraded,Normal wear,,,0,1,2025-11-02,,,,
3134218,Alex Pietrangelo #641,Hockey Cards 2020 Upper Deck,1,Ungraded,Normal wear,,,0,1,2025-10-08,,,,
10266398,Dracule Mihawk OP12-030,One Piece Legacy of the Master,200,Ungraded,Normal wear,,,0,1,2026-03-02,,,,
9759927,DK Metcalf #91,Football Cards 2024 Panini Contenders,80,Ungraded,Normal wear,,,0,1,2025-10-07,,,,
9744526,Sanji [Alternate Art] OP11-051,One Piece Fist of Divine Speed,899,Ungraded,Normal wear,,,0,1,2026-01-09,,,,
8880210,Andrew Shaw #527,Hockey Cards 2020 Upper Deck Extended Series,139,Ungraded,Normal wear,,,0,1,2025-10-04,,,,
10733540,Josh Simmons #368,Football Cards 2025 Panini Donruss,127,Ungraded,Normal wear,,,0,1,2025-11-21,,,,
11056877,Monkey D Luffy [Metallic] #2138,Funko POP Animation,2399,Ungraded,Normal wear,,,0,1,2025-11-22,,,,
8561393,Tristan da Silva #20,Basketball Cards 2024 Panini Prizm Instant Impact,99,Ungraded,Normal wear,,,0,1,2025-08-31,,,,
8028462,Fermin Lopez #162,Soccer Cards 2024 Topps UEFA,200,Ungraded,Normal wear,,,0,1,2025-10-07,,,,2024-25 Topps Chrome UEFA Club Competitions 
8530711,Jordan Clarkson #3,Basketball Cards 2024 Panini Prizm,129,Ungraded,Normal wear,,,0,1,2025-08-30,,,,
1895869,Dave Winfield #8,Baseball Cards 1984 Topps All Star Glossy Set of 22,0,Ungraded,Normal wear,,,0,1,2025-10-08,,,,
1947025,Barry Bonds #868,Baseball Cards 1991 Score,129,Ungraded,Normal wear,,,0,1,2025-11-12,,,,
8319901,Sabrina Ionescu #WNBA18,Basketball Cards 2024 Panini Prizm Monopoly WNBA Insert,110,Ungraded,Normal wear,,,0,1,2025-10-07,,,,
9937472,Josh Giddey #71,Basketball Cards 2024 Panini Mosaic,179,Ungraded,Normal wear,,,0,1,2025-10-02,,,,
1164585,Joe Montana #15,Football Cards 1995 Fleer Flair Preview,217,Ungraded,Normal wear,,,0,1,2026-01-06,,,,ACoolAUCTION - $7 Lot of Football
9758813,Anthony Richardson #42,Football Cards 2024 Panini Contenders,90,Ungraded,Normal wear,,,0,1,2025-10-07,,,,
9261372,Miles Bridges #57,Basketball Cards 2024 Panini Revolution,99,Ungraded,Normal wear,,,0,1,2025-10-04,,,,
1164587,Dan Marino #18,Football Cards 1995 Fleer Flair Preview,172,Ungraded,Normal wear,,,0,1,2026-01-06,,,,ACoolAUCTION - $7 Lot of Football
9260943,Myles Turner #44,Basketball Cards 2024 Panini Revolution,99,Ungraded,Normal wear,,,0,1,2025-10-04,,,,
259631,Jerry Rice [Silver Prizm] #287,Football Cards 2019 Panini Prizm,299,Ungraded,Normal wear,,,0,1,2026-01-09,,,,ACoolAUCTION - $7 Lot of Football
10266391,Kawamatsu OP12-023,One Piece Legacy of the Master,9,Ungraded,Normal wear,,,0,1,2026-03-02,,,,
10266415,Luffy Is the Man Who Will Become the King of Pirates!!! OP12-039,One Piece Legacy of the Master,43,Ungraded,Normal wear,,,0,1,2026-03-02,,,,
8533691,Bennedict Mathurin [Red Ice] #40,Basketball Cards 2024 Panini Prizm,99,Ungraded,Normal wear,,,0,1,2025-10-02,,,,
1103588,Bo Jackson #10,Football Cards 1990 Panini Score,127,Ungraded,Normal wear,,,0,1,2026-01-08,,,,ACoolAUCTION - $7 Lot of Football
9387352,Marcus Thuram #111,Soccer Cards 2024 Topps Chrome UEFA,499,Ungraded,Normal wear,,,0,1,2025-10-02,,,,
9585430,Rico Lewis [Blue Pulsar] #16,Soccer Cards 2024 Panini Select FIFA Future,125,Ungraded,Normal wear,,,0,1,2025-08-07,,,,
9934820,Jaylen Brown #33,Basketball Cards 2024 Panini Mosaic,149,Ungraded,Normal wear,,,0,1,2025-10-02,,,,
1104150,Lawrence Taylor #571,Football Cards 1990 Panini Score,106,Ungraded,Normal wear,,,0,1,2026-01-09,,,,ACoolAUCTION - $7 Lot of Football
9760123,Bobby Wagner #100,Football Cards 2024 Panini Contenders,85,Ungraded,Normal wear,,,0,1,2025-10-07,,,,
9960201,Paolo Banchero #11,Basketball Cards 2024 Panini Mosaic Jam Masters,145,Ungraded,Normal wear,,,0,1,2025-10-03,,,,
9758813,Anthony Richardson #42,Football Cards 2024 Panini Contenders,90,Ungraded,Normal wear,,,0,1,2025-10-07,,,,
9198862,Michael Vick #3,Football Cards 2024 Topps Resurgence,108,Ungraded,Normal wear,,,0,1,2025-10-02,,,,
9938948,Karl-Anthony Towns #97,Basketball Cards 2024 Panini Mosaic,170,Ungraded,Normal wear,,,0,1,2025-10-02,,,,
1104150,Lawrence Taylor #571,Football Cards 1990 Panini Score,106,Ungraded,Normal wear,,,0,1,2026-01-09,,,,ACoolAUCTION - $7 Lot of Football
8317383,Ariel Atkins #5,Basketball Cards 2024 Panini Prizm Monopoly WNBA,176,Ungraded,Normal wear,,,0,1,2025-10-02,,,,
8029536,Jayden Danns #193,Soccer Cards 2024 Topps UEFA,50,Ungraded,Normal wear,,,0,1,2025-10-07,,,,
9760123,Bobby Wagner #100,Football Cards 2024 Panini Contenders,85,Ungraded,Normal wear,,,0,1,2025-10-07,,,,
9758350,DJ Moore #18,Football Cards 2024 Panini Contenders,90,Ungraded,Normal wear,,,0,1,2025-10-07,,,,
3134240,Mark Scheifele #663,Hockey Cards 2020 Upper Deck,54,Ungraded,Normal wear,,,0,1,2025-10-08,,,,
9758884,Nico Collins #41,Football Cards 2024 Panini Contenders,20,Ungraded,Normal wear,,,0,1,2025-10-07,,,,
10266396,Kouzuki Hiyori OP12-028,One Piece Legacy of the Master,52,Ungraded,Normal wear,,,0,1,2026-03-02,,,,
10003831,Willson Contreras [Sepia] #82,Baseball Cards 2025 Topps Chrome,100,Ungraded,Normal wear,,,0,1,2025-08-09,,,,
9582081,Moise Kean #245,Soccer Cards 2024 Panini Select FIFA,25,Ungraded,Normal wear,,,0,1,2025-08-07,,,,
9639586,Fred VanVleet #137,Basketball Cards 2024 Topps Chrome,25,Ungraded,Normal wear,,,0,1,2025-10-07,,,,
11012005,Trafalgar Law OP13-031,One Piece Carrying on His Will,83,Ungraded,Normal wear,,,0,1,2026-03-02,,,,
10732919,Jaylin Lane #335,Football Cards 2025 Panini Donruss,99,Ungraded,Normal wear,,,0,1,2025-11-21,,,,
8533116,Gary Trent Jr. #33,Basketball Cards 2024 Panini Prizm,25,Ungraded,Normal wear,,,0,1,2025-10-08,,,,
9794169,Rob Dillingham [Blue] #187,Basketball Cards 2024 Panini Select,170,Ungraded,Normal wear,,,0,1,2025-08-08,,,,
9758178,James Cook #10,Football Cards 2024 Panini Contenders,120,Ungraded,Normal wear,,,0,1,2025-10-07,,,,
8319366,Alissa Pili #72,Basketball Cards 2024 Panini Prizm Monopoly WNBA,125,Ungraded,Normal wear,,,0,1,2025-10-02,,,,
8534325,Jordan Hawkins #48,Basketball Cards 2024 Panini Prizm,99,Ungraded,Normal wear,,,0,1,2025-10-08,,,,
8560737,Stephon Castle #29,Basketball Cards 2024 Panini Prizm Emergent,154,Ungraded,Normal wear,,,0,1,2025-10-08,,,,
10050104,Tony Tony Chopper #1946,Funko POP Animation,1999,Ungraded,Normal wear,,,0,1,2025-11-22,,,,
9959521,Giannis Antetokounmpo #9,Basketball Cards 2024 Panini Mosaic Thunder Road,181,Ungraded,Normal wear,,,0,1,2025-10-03,,,,
9759608,Breece Hall #76,Football Cards 2024 Panini Contenders,36,Ungraded,Normal wear,,,0,1,2025-10-07,,,,
3134193,Matt Nieto #616,Hockey Cards 2020 Upper Deck,137,Ungraded,Normal wear,,,0,1,2025-10-08,,,,
9260038,Michael Porter Jr. #15,Basketball Cards 2024 Panini Revolution,99,Ungraded,Normal wear,,,0,1,2025-10-04,,,,
3134240,Mark Scheifele #663,Hockey Cards 2020 Upper Deck,54,Ungraded,Normal wear,,,0,1,2025-10-08,,,,
11012041,Gol.D.Roger [Alternate Art] OP13-064,One Piece Carrying on His Will,1854,Ungraded,Normal wear,,,0,1,2026-01-09,,,,
9199515,Tony Dorsett #28,Football Cards 2024 Topps Resurgence,125,Ungraded,Normal wear,,,0,1,2025-10-02,,,,
8028462,Fermin Lopez #162,Soccer Cards 2024 Topps UEFA,200,Ungraded,Normal wear,,,0,1,2026-01-16,,,,2024-25 Topps Chrome UEFA Club Competitions 
9759027,Harrison Butker #49,Football Cards 2024 Panini Contenders,117,Ungraded,Normal wear,,,0,1,2025-10-07,,,,
8551906,Bronny James Jr. #243,Basketball Cards 2024 Panini Prizm,153,Ungraded,Normal wear,,,0,1,2025-10-03,,,,
9383814,James Tavernier #26,Soccer Cards 2024 Topps Chrome UEFA,25,Ungraded,Normal wear,,,0,1,2025-10-02,,,,
8318151,Betnijah Laney-Hamilton #31,Basketball Cards 2024 Panini Prizm Monopoly WNBA,163,Ungraded,Normal wear,,,0,1,2025-10-02,,,,
9641194,Ja Morant #188,Basketball Cards 2024 Topps Chrome,129,Ungraded,Normal wear,,,0,1,2025-10-07,,,,
8319960,Diana Taurasi #WNBA20,Basketball Cards 2024 Panini Prizm Monopoly WNBA Insert,163,Ungraded,Normal wear,,,0,1,2025-10-07,,,,
10028599,Josh Leivo #517,Hockey Cards 2020 Upper Deck Extended Series,25,Ungraded,Normal wear,,,0,1,2025-10-04,,,,
9582081,Moise Kean #245,Soccer Cards 2024 Panini Select FIFA,25,Ungraded,Normal wear,,,0,1,2025-08-07,,,,
8552002,Reed Sheppard #268,Basketball Cards 2024 Panini Prizm,134,Ungraded,Normal wear,,,0,1,2025-10-03,,,,
3134221,Zdeno Chara #644,Hockey Cards 2020 Upper Deck,150,Ungraded,Normal wear,,,0,1,2025-10-08,,,,
8320285,Celeste Taylor #66,Basketball Cards 2024 Panini Prizm Monopoly WNBA,148,Ungraded,Normal wear,,,0,1,2025-10-02,,,,
8561337,Ron Holland II #13,Basketball Cards 2024 Panini Prizm Instant Impact,118,Ungraded,Normal wear,,,0,1,2025-10-07,,,,
9389208,Joao Simoes #156,Soccer Cards 2024 Topps Chrome UEFA,25,Ungraded,Normal wear,,,0,1,2025-10-02,,,,
1931071,Tino Martinez #66T,Baseball Cards 1988 Topps Traded Tiffany,700,Ungraded,Normal wear,,,0,1,2025-12-25,,,,
8556101,Duncan Robinson #190,Basketball Cards 2024 Panini Prizm,125,Ungraded,Normal wear,,,0,1,2025-10-08,,,,
9384400,Viggo Gebel #40,Soccer Cards 2024 Topps Chrome UEFA,300,Ungraded,Normal wear,,,0,1,2025-10-02,,,,
3134242,Eric Staal #665,Hockey Cards 2020 Upper Deck,112,Ungraded,Normal wear,,,0,1,2025-10-08,,,,
2322811,Len Dykstra #740,Baseball Cards 1993 Topps,160,Ungraded,Normal wear,,,0,1,2026-03-07,,,,
3134269,Victor Hedman #692,Hockey Cards 2020 Upper Deck,180,Ungraded,Normal wear,,,0,1,2025-10-08,,,,
8319960,Diana Taurasi #WNBA20,Basketball Cards 2024 Panini Prizm Monopoly WNBA Insert,163,Ungraded,Normal wear,,,0,1,2025-10-07,,,,
3134250,Chris Kreider #673,Hockey Cards 2020 Upper Deck,106,Ungraded,Normal wear,,,0,1,2025-10-08,,,,
1103910,Bo Jackson #330,Football Cards 1990 Panini Score,190,Ungraded,Normal wear,,,0,1,2026-01-08,,,,ACoolAUCTION - $7 Lot of Football
9261622,Alperen Sengun #65,Basketball Cards 2024 Panini Revolution,100,Ungraded,Normal wear,,,0,1,2025-10-04,,,,
9262695,Jonas Valanciunas #99,Basketball Cards 2024 Panini Revolution,99,Ungraded,Normal wear,,,0,1,2025-10-04,,,,
9951347,Nikola Jokic #275,Basketball Cards 2024 Panini Mosaic,233,Ungraded,Normal wear,,,0,1,2025-10-03,,,,
8536583,Jonas Valanciunas #76,Basketball Cards 2024 Panini Prizm,59,Ungraded,Normal wear,,,0,1,2025-08-31,,,,
10732742,Tyleik Williams #360,Football Cards 2025 Panini Donruss,90,Ungraded,Normal wear,,,0,1,2025-11-21,,,,
9492220,Drew Brees #35,Football Cards 2024 Topps Signature Class,41,Ungraded,Normal wear,,,0,1,2025-10-07,,,,
8879999,Cedric Paquette #523,Hockey Cards 2020 Upper Deck Extended Series,25,Ungraded,Normal wear,,,0,1,2025-10-04,,,,
1103588,Bo Jackson #10,Football Cards 1990 Panini Score,127,Ungraded,Normal wear,,,0,1,2026-01-08,,,,ACoolAUCTION - $7 Lot of Football
8531045,Keegan Murray [Red White Blue] #7,Basketball Cards 2024 Panini Prizm,146,Ungraded,Normal wear,,,0,1,2025-08-30,,,,
9262122,Chet Holmgren #86,Basketball Cards 2024 Panini Revolution,197,Ungraded,Normal wear,,,0,1,2025-10-04,,,,
391792,Barry Sanders [Pink Pulsar Prizm] #11,Football Cards 2020 Panini Prizm Draft Picks,217,Ungraded,Normal wear,,,3,1,2026-01-09,,,,ACoolAUCTION - $7 Lot of Football
11012011,Roronoa Zoro OP13-037,One Piece Carrying on His Will,103,Ungraded,Normal wear,,,0,1,2026-03-02,,,,
9759564,Brian Burns #74,Football Cards 2024 Panini Contenders,150,Ungraded,Normal wear,,,0,1,2025-10-07,,,,
8544476,Reggie Jackson [Red Ice] #162,Basketball Cards 2024 Panini Prizm,199,Ungraded,Normal wear,,,0,1,2025-10-02,,,,
9636640,Dominique Wilkins #39,Basketball Cards 2024 Topps Chrome,150,Ungraded,Normal wear,,,0,1,2025-10-07,,,,
9944024,Kyrie Irving #184,Basketball Cards 2024 Panini Mosaic,177,Ungraded,Normal wear,,,0,1,2025-10-02,,,,
637615,Barry Sanders #33,Football Cards 1991 Pro Set Platinum,137,Ungraded,Normal wear,,,0,1,2026-03-08,,,,
8540188,Amen Thompson #118,Basketball Cards 2024 Panini Prizm,135,Ungraded,Normal wear,,,0,1,2025-08-31,,,,
