ACoolPROJECT,PackagedFilename,OriginalGeneratedFile,Status
ACoolECOSYSTEM,ACoolECOSYSTEM_WideBanner_Made_with_LOVE_by_ACoolNERD_with_ACoolAI.png,futuristic_tech_ecosystem_brand_design.png,Packaged
ACoolNERD,ACoolNERD_WideBanner_Made_with_LOVE_by_ACoolNERD_with_ACoolAI.png,futuristic_tech_cityscape_with_sleek_branding.png,Packaged
ACoolBUSINESS,ACoolBUSINESS_WideBanner_Made_with_LOVE_by_ACoolNERD_with_ACoolAI.png,futuristic_business_branding_with_digital_elements.png,Packaged
ACoolAI,ACoolAI_WideBanner_Made_with_LOVE_by_ACoolNERD_with_ACoolAI.png,futuristic_ai_branding_with_glowing_accents.png,Packaged
ACoolGPT,ACoolGPT_WideBanner_Made_with_LOVE_by_ACoolNERD_with_ACoolAI.png,futuristic_tech_banner_with_neon_accents.png,Packaged
ACoolPROMPT,ACoolPROMPT_WideBanner_Made_with_LOVE_by_ACoolNERD_with_ACoolAI.png,futuristic_tech_branding_and_logo_design.png,Packaged
ACoolACADEMY,ACoolACADEMY_WideBanner_Made_with_LOVE_by_ACoolNERD_with_ACoolAI.png,futuristic_tech_education_brand_design.png,Packaged
ACoolCOLLECTOR,ACoolCOLLECTOR_WideBanner_Made_with_LOVE_by_ACoolNERD_with_ACoolAI.png,futuristic_tech_branding_with_luxe_design.png,Packaged
ACoolCARD,ACoolCARD_WideBanner_Made_with_LOVE_by_ACoolNERD_with_ACoolAI.png,futuristic_finance_tech_brand_banner.png,Packaged
ACoolVANITY,ACoolVANITY_WideBanner_Made_with_LOVE_by_ACoolNERD_with_ACoolAI.png,futuristic_tech_branding_with_metallic_accents.png,Packaged
ACoolCREATOR,ACoolCREATOR_WideBanner_Made_with_LOVE_by_ACoolNERD_with_ACoolAI.png,futuristic_tech_branding_for_creators.png,Packaged
ACoolDATASET,ACoolDATASET_WideBanner_Made_with_LOVE_by_ACoolNERD_with_ACoolAI.png,futuristic_tech_branding_and_data_landscape.png,Packaged
ACoolDASHBOARD,ACoolDASHBOARD_WideBanner_Made_with_LOVE_by_ACoolNERD_with_ACoolAI.png,futuristic_data_dashboard_with_sleek_branding.png,Packaged
ACoolDECK,ACoolDECK_WideBanner_Made_with_LOVE_by_ACoolNERD_with_ACoolAI.png,futuristic_tech_branding_and_pitch_scene.png,Packaged
ACoolDOCUMENT,ACoolDOCUMENT_WideBanner_Made_with_LOVE_by_ACoolNERD_with_ACoolAI.png,futuristic_digital_branding_and_documents.png,Packaged
ACoolKNOWLEDGEBASE,ACoolKNOWLEDGEBASE_WideBanner_Made_with_LOVE_by_ACoolNERD_with_ACoolAI.png,futuristic_knowledge_network_digital_design.png,Packaged
ACoolHUB,ACoolHUB_WideBanner_Made_with_LOVE_by_ACoolNERD_with_ACoolAI.png,futuristic_digital_corporate_branding_showcase.png,Packaged
ACoolTRUST,ACoolTRUST_WideBanner_Made_with_LOVE_by_ACoolNERD_with_ACoolAI.png,futuristic_tech_branding_with_glowing_emblem.png,Packaged
ACoolHOLDINGS,ACoolHOLDINGS_WideBanner_Made_with_LOVE_by_ACoolNERD_with_ACoolAI.png,futuristic_branding_with_global_finance_elements.png,Packaged
ACoolPODCAST,ACoolPODCAST_WideBanner_Made_with_LOVE_by_ACoolNERD_with_ACoolAI.png,futuristic_podcast_branding_with_neon_accents.png,Packaged
ACoolSTREAMER,ACoolSTREAMER_WideBanner_Made_with_LOVE_by_ACoolNERD_with_ACoolAI.png,futuristic_streaming_tech_banner_design.png,Packaged
ACoolSOCIAL,ACoolSOCIAL_WideBanner_Made_with_LOVE_by_ACoolNERD_with_ACoolAI.png,futuristic_tech_community_network_banner.png,Packaged
ACoolNETWORK,ACoolNETWORK_WideBanner_Made_with_LOVE_by_ACoolNERD_with_ACoolAI.png,futuristic_network_branding_and_partnership_design.png,Packaged
ACoolMEAP,ACoolMEAP_WideBanner_Made_with_LOVE_by_ACoolNERD_with_ACoolAI.png,futuristic_mobile_evolution_interface_design.png,Packaged
ACoolBRD,ACoolBRD_WideBanner_Made_with_LOVE_by_ACoolNERD_with_ACoolAI.png,futuristic_business_blueprint_and_branding_design.png,Packaged
ACoolCAPABILITY,ACoolCAPABILITY_WideBanner_Made_with_LOVE_by_ACoolNERD_with_ACoolAI.png,futuristic_corporate_tech_branding_graphic.png,Packaged
ACoolNAICS,ACoolNAICS_WideBanner_Made_with_LOVE_by_ACoolNERD_with_ACoolAI.png,industry_classification_in_digital_network_tech.png,Packaged
ACoolGOVCON,ACoolGOVCON_WideBanner_Made_with_LOVE_by_ACoolNERD_with_ACoolAI.png,futuristic_corporate_tech_concept_design.png,Packaged
ACoolPROJECT,ACoolPROJECT_WideBanner_Made_with_LOVE_by_ACoolNERD_with_ACoolAI.png,futuristic_project_management_interface_design.png,Packaged
